008ad042-4f8c-413d-a857-0b47ae4f0c67,0.51,[71d03535-945c-46c7-a9fb-2f202a78dc52]
0091dd09-eb49-43d4-8da5-fe66b3080ac6,0.51,[2b6f19fa-299e-45d8-bc82-5734ffe13c63]
00d02f6d-3ae0-44db-aecc-5f844c21fe2d,0.51,[6d19651d-eac0-47c6-8b24-8f740b4d3824]
00feb83d-64a7-4134-8428-c13a76ad0242,0.51,[38207de2-af88-48a5-8aa4-bc4b5a518195]
01815dd8-20f0-4801-984a-496115fc4caa,0.51,[6c377be1-7825-496d-b4b0-e78f40192f5d]
01a21633-d421-4d1e-9ba2-499de2ee8c4f,0.51,[6c377be1-7825-496d-b4b0-e78f40192f5d]
01f9188c-d780-4d53-937c-121b81c4b1ad,0.51,[be3b0011-d674-430b-9762-d2ae3821de51]
01fe1bd4-daf3-40d7-bc37-1b9f598f155a,0.51,[e452cdf8-b117-4f7f-b89f-124a1fddac39]
022d3465-c357-47b4-95f9-d41e5269fe17,0.51,[2b6f19fa-299e-45d8-bc82-5734ffe13c63]
02ab78bb-95da-4b3e-922c-ed52acd3dcc7,0.51,[38207de2-af88-48a5-8aa4-bc4b5a518195]
02f88559-fbb6-4a36-8ef6-f141fde25a6f,0.51,[1b6c8718-f5e0-48e3-a6a8-9bfc6ad0741a]
0304d5c0-cc0b-49ce-a8c2-6acf72b2b679,0.51,[af29ebb1-ec55-4cc4-93b6-46460bdad0d5]
0360431e-afd2-4947-9195-6b2c28eebda4,0.51,[3937d74e-950d-47a7-b601-e4935dbb6a96]
0496db8f-ccca-413e-b442-d92b5d51f23e,0.51,[b6492306-fa7e-4698-879b-a0b203fac44a]
057c8f26-b563-4ac0-a11d-8ec76c1b14b7,0.51,[8ea72bec-32f2-4abc-b6b1-d5442314720a]
05efc3e6-b889-4174-8045-985abe21693c,0.51,[b6492306-fa7e-4698-879b-a0b203fac44a]
060102a2-b194-4e76-a902-83cfd7e2e7b7,0.51,[b6492306-fa7e-4698-879b-a0b203fac44a]
0602d620-2ede-4493-8000-fa1eb513d09b,0.51,[be3b0011-d674-430b-9762-d2ae3821de51]
06a709b0-dbb2-4ec2-8b17-4d57a77a2c33,0.51,[f68e16b0-22cf-4d36-a5b3-fe1a70eadbe0]
06b9648a-8325-4a63-8088-41ebfd0742c1,0.5098,[3bdb7fcf-c8ef-4126-92c7-833bac5ca71c]
0728d661-45c1-4111-a15f-245169b32bf8,0.8,[b6492306-fa7e-4698-879b-a0b203fac44a]
0779a070-c161-49f0-91d4-f578b4eeacd2,0.51,[b6492306-fa7e-4698-879b-a0b203fac44a]
077cd74d-098a-4b3b-8b6a-ecef9e3f86b5,0.51,[fbebdacc-1fef-4c57-ac71-eae9b002d03a]
078e7f02-2335-4249-a44c-a3ea8c16f7f1,0.51,[1671c8bb-cd9b-496c-bd46-29222ab968f5]
07a5779b-aade-4097-a18f-7450943f6100,0.51,[6d19651d-eac0-47c6-8b24-8f740b4d3824]
08588b88-1737-4eba-9795-4a13ca6a6bb2,0.51,[2b6f19fa-299e-45d8-bc82-5734ffe13c63]
086c91dd-10cf-49e3-9e5d-6673345579a7,0.51,[b6492306-fa7e-4698-879b-a0b203fac44a]
08aa6fee-e827-46b5-a27d-5dade014c576,0.51,[a871427f-e2dd-4403-984a-77f1d40868ab]
08b1089d-d01b-485f-900b-da94a3816c85,0.51,[e452cdf8-b117-4f7f-b89f-124a1fddac39]
0a1cae3d-8452-4540-bffb-a561fcf64465,0.51,[6d19651d-eac0-47c6-8b24-8f740b4d3824]
0a315dbf-520d-463a-aac5-f143025b3f2d,0.51,[6d19651d-eac0-47c6-8b24-8f740b4d3824]
0baeed63-3bf4-4845-81db-9486f7c34bbe,0.51,[bcaf6abb-726e-42db-9b34-303d2f3905fa]
0bdb8b4e-a711-445f-a470-dd86b2710f48,0.51,[2b6f19fa-299e-45d8-bc82-5734ffe13c63]
0bfdc36f-7743-4eb9-841b-a946f7b9715b,0.51,[b6492306-fa7e-4698-879b-a0b203fac44a]
0c94693b-478a-4834-a5bd-2ae24b23701a,0.51,[b6492306-fa7e-4698-879b-a0b203fac44a]
0d25b302-50ad-4cf9-a41c-4b2dcb7f0583,0.51,[c7b6569e-09e8-4e96-8021-78b853e8b521]
0d439a64-cd2d-4c44-8e22-a3e26bdb43da,0.51,[b46f783a-449d-4462-8ad2-b029aeca0601]
0ea593cc-0c3d-4bfa-b165-6cfb08114367,0.8,[b6492306-fa7e-4698-879b-a0b203fac44a]
0eadbf5c-7c28-4da6-ab90-fdd227d189e4,0.51,[2662f4bb-3da7-4fa6-8e7a-ce53b121fc10]
10a2c02a-9ac9-4023-b41d-a220e6d1542c,0.51,[6ae6aad6-401c-43c6-9ae1-ba49400d2d19]
10ab42af-f7ba-45c8-89e5-3a71f3afe834,0.51,[6c377be1-7825-496d-b4b0-e78f40192f5d]
11407462-6c41-415a-b2bf-51d2bfb7e889,0.51,[413d2c76-0934-40c2-b3d1-7259ebf7f7fb]
118e0283-b06b-4de4-ac46-bbe418641137,0.51,[e452cdf8-b117-4f7f-b89f-124a1fddac39]
1193efe3-3522-44da-bc54-e066f1294fd6,0.51,[38207de2-af88-48a5-8aa4-bc4b5a518195]
119ec012-f831-46c8-b289-0dddbaa2745e,0.51,[97e27cf6-f526-41ab-ba54-5b2bfcf408d0]
11bb213a-e3da-4889-8400-236c2227e3b7,0.51,[b6492306-fa7e-4698-879b-a0b203fac44a]
11c07d4b-8021-4ca7-b0b9-f998bd206d08,0.51,[38207de2-af88-48a5-8aa4-bc4b5a518195]
126767f0-3a96-4131-83c4-3cb1fec8bfc5,0.51,[3b5b2be5-4f3b-42bf-b123-084355d9e101]
129578ff-8b1a-4a2f-8b2c-4cf2af355991,0.51,[7a9f9b86-cd01-4f9f-93c6-bb1ebc9e5721]
12abbdf1-ed0d-4818-a07d-6aac8f111bda,0.51,[6aaab24a-0ee2-470c-826f-45e7433a03aa]
12f2e1ac-0765-414e-ad20-540f0cf62d51,0.51,[575a1f44-c783-461d-9d82-47ad0a120345]
13554ebe-03b3-42e7-99be-2580e00a462b,0.51,[b6492306-fa7e-4698-879b-a0b203fac44a]
136450c2-ece0-464a-ad2f-12eef60918a9,0.51,[6c377be1-7825-496d-b4b0-e78f40192f5d]
1402a0ca-bae4-41bd-aeda-f4510af80e8f,0.51,[060102a2-b194-4e76-a902-83cfd7e2e7b7]
14169ef5-b2a4-42df-93b7-8b5d5f9873f3,0.51,[671ce3ff-657b-401d-9061-daaa25ce9013]
14582a46-eefb-423b-af35-7b055e6c2051,0.6,[7f75abea29b67a3f0636a24ace0588b4]
149242ca-692b-43b9-83df-70670d06e6b7,0.51,[2e36d554-442e-4744-83ac-e761160ed4f9]
14a57fdb-038d-4ae1-a4f7-1d51ac58ce94,0.51,[e452cdf8-b117-4f7f-b89f-124a1fddac39]
152cde1c-7ba2-4cb2-8a21-7771306b143a,0.51,[38207de2-af88-48a5-8aa4-bc4b5a518195]
152fd1b1-8b8f-4bfa-8d00-f805895aa68b,0.51,[be3b0011-d674-430b-9762-d2ae3821de51]
15b96e9f-61ae-4f63-a6bb-6c581a01b7d7,0.51,[6aaab24a-0ee2-470c-826f-45e7433a03aa]
161d61ce-20ab-4424-89f9-53d6a8589301,0.51,[3b5b2be5-4f3b-42bf-b123-084355d9e101]
16346d28-e91c-4f53-b621-38a97ce7f736,0.51,[7a9f9b86-cd01-4f9f-93c6-bb1ebc9e5721]
16461b38-d681-4799-91ad-ab4656bbb759,0.51,[91ea18fa-2238-4d3d-a3e1-1eaf8af3db34]
16464e43-a6bc-4e48-b390-c4b788815fd5,0.51,[b46f783a-449d-4462-8ad2-b029aeca0601]
1671c8bb-cd9b-496c-bd46-29222ab968f5,0.51,[6c377be1-7825-496d-b4b0-e78f40192f5d]
173e410a-d5fb-4a3b-8b34-99733fb276b2,0.51,[b6492306-fa7e-4698-879b-a0b203fac44a]
174f0abf-644f-427a-9389-3b476fa49c1e,0.51,[af29ebb1-ec55-4cc4-93b6-46460bdad0d5]
175c94e0-787e-4d22-937a-938aec22542a,0.51,[c9fcc2bc-eace-4fbb-ac97-885853b7ad98]
17938175-f9c4-4441-a82e-69f15824c7c2,0.51,[6ae6aad6-401c-43c6-9ae1-ba49400d2d19]
17aa1fa4-7aca-4eaa-8c97-d59a19c7b443,0.51,[3b5b2be5-4f3b-42bf-b123-084355d9e101]
17b807bd-61b4-46f7-b267-e437295979d0,0.51,[cd47eb7c-21bf-4503-b98e-0e456c875ea5]
17e2c03f-fc3b-41d3-94de-0dbe1659f334,0.51,[f68e16b0-22cf-4d36-a5b3-fe1a70eadbe0]
1862b5c4-6664-4549-853b-90d6c30914ae,0.51,[a871427f-e2dd-4403-984a-77f1d40868ab]
187ab75d-6bc5-4f15-9748-25a94877e0a1,0.51,[38207de2-af88-48a5-8aa4-bc4b5a518195]
188d7917-3b24-498f-8672-fd349edf1113,0.51,[91ea18fa-2238-4d3d-a3e1-1eaf8af3db34]
18d96f79-38fa-49eb-b361-11dace35bb39,0.51,[38207de2-af88-48a5-8aa4-bc4b5a518195]
194d8f2c-5ee0-40ce-a674-9c58d58aead0,0.51,[b6492306-fa7e-4698-879b-a0b203fac44a]
19736f63-e1cc-44d0-b6a9-d0e8614f8c27,0.51,[b6492306-fa7e-4698-879b-a0b203fac44a]
1a46f483-534a-4ea6-983f-e2aca5dedf42,0.51,[be3b0011-d674-430b-9762-d2ae3821de51]
1ab2fe87-688d-4ee9-b4d6-aaa0f97ec7db,0.51,[a871427f-e2dd-4403-984a-77f1d40868ab]
1abd81a5-3810-4272-a721-14bb766bf33a,0.51,[6d19651d-eac0-47c6-8b24-8f740b4d3824]
1af7c531-ef01-41f2-b86b-7ee64271f9ec,0.51,[e452cdf8-b117-4f7f-b89f-124a1fddac39]
1b65ab8f-5606-497d-ad52-d285cbd0bf1b,0.51,[6c377be1-7825-496d-b4b0-e78f40192f5d]
1b6c8718-f5e0-48e3-a6a8-9bfc6ad0741a,0.51,[b6492306-fa7e-4698-879b-a0b203fac44a]
1b84015e-20b9-4c7e-8c29-33a8723cb162,0.51,[38207de2-af88-48a5-8aa4-bc4b5a518195]
1c78d4d8-a050-4c92-b400-fe34dd42fa63,0.51,[6d19651d-eac0-47c6-8b24-8f740b4d3824]
1c7af73c-21ec-408b-a1ad-02f8fb9faaec,0.51,[3b5b2be5-4f3b-42bf-b123-084355d9e101]
1dcafd17-34b1-4ce8-acc7-e4e440627788,0.51,[bea989e8-26cd-4ec7-9750-4427edcca538]
1e6deb96-767e-4542-a507-5879536591bd,0.51,[b6492306-fa7e-4698-879b-a0b203fac44a]
1eb12bdc-86e4-4a45-901e-cc97609586c5,0.51,[81e0970c-15b8-49de-8af4-125de48fb730]
1fa4eb58-03c1-4a58-9323-a01ca76c474f,0.51,[321b02a6-f860-4691-b51c-3d2af8f05226]
1fb6d93e-7cd1-4a36-9cd9-8d7afc7aac92,0.51,[97e27cf6-f526-41ab-ba54-5b2bfcf408d0]
1fc38abb-582d-4bdb-808a-e668eaa717c1,0.51,[e452cdf8-b117-4f7f-b89f-124a1fddac39]
2013664d-44c1-4c61-ba7d-0799f836a1a4,0.51,[b6492306-fa7e-4698-879b-a0b203fac44a]
204d8308-fb38-459b-867d-cf4655aa8e34,0.51,[3e24ee44-be10-4622-8ba3-b8138524c4fd]
21778fa0-8081-4c7a-b5f5-538769fb5d2d,0.9,[1e66790b74af4ef95a1381c4a7f94c49]
21adcf20-cc28-4332-bac2-32da9eb98a3b,0.51,[2e36d554-442e-4744-83ac-e761160ed4f9]
22dd0e40-1cbb-40c0-8b00-3eff44b44a43,0.51,[b6492306-fa7e-4698-879b-a0b203fac44a]
22dec2c3-80d5-4262-b3ac-8b023020a9ce,0.51,[a871427f-e2dd-4403-984a-77f1d40868ab]
231d362c-3a18-4d73-a910-8c835d0882ad,0.51,[38207de2-af88-48a5-8aa4-bc4b5a518195]
2346b435-83b1-4b2a-b67f-e9ec2ad2f203,0.51,[2b6f19fa-299e-45d8-bc82-5734ffe13c63]
23630d5f-8921-4b39-882f-7c603767a4f9,0.51,[c6f8fec9-f494-48de-8c20-7eec96ba507f]
2414163c-2161-4097-b0aa-647930565079,0.51,[be3b0011-d674-430b-9762-d2ae3821de51]
247b6767-cf63-4bd4-a60e-41756fca1800,0.51,[9e766ea8-4948-4a0a-b7b5-b4fa12539bc9]
24d3c116-4d75-409c-8b8d-4a9d74ca852c,0.51,[7a9f9b86-cd01-4f9f-93c6-bb1ebc9e5721]
24d8a90a-43b7-466b-aeac-b7756ac73a04,0.51,[9adc5882-68c0-4fca-83b8-91161ba63142]
2512b08b-862f-4bb3-ad22-70a6f020e058,0.51,[7a9f9b86-cd01-4f9f-93c6-bb1ebc9e5721]
2583ae9d-f800-4494-8f13-981c766d3534,0.51,[6712e388-e658-4c1b-9ccb-873f98617c28]
25a55e8f-4bd7-47c6-9fda-1c5370e62687,0.5122,[b6492306-fa7e-4698-879b-a0b203fac44a]
25a71938-86aa-4d92-b210-bbdce7454a0b,0.51,[513e5cce-3902-4e44-9437-a3f1da3b7703]
2662f4bb-3da7-4fa6-8e7a-ce53b121fc10,0.51,[b6492306-fa7e-4698-879b-a0b203fac44a]
26cd69ff-d8a4-4217-ab8b-bee4a3aa3f3c,0.51,[b6492306-fa7e-4698-879b-a0b203fac44a]
2715495d-9115-4bd0-82ac-4f00c139ce3d,0.51,[2b6f19fa-299e-45d8-bc82-5734ffe13c63]
2731198d-4bb7-46e6-b1bf-597a1dd0b736,0.51,[9e766ea8-4948-4a0a-b7b5-b4fa12539bc9]
27941cfe-8476-4eba-bc9e-d4c795c133a8,0.51,[af29ebb1-ec55-4cc4-93b6-46460bdad0d5]
27fd243d-03cc-4d1d-9a2c-e1f0f731a62e,0.51,[97e27cf6-f526-41ab-ba54-5b2bfcf408d0]
2859cae7-bc89-4d2f-b035-3b07b8dabe82,0.51,[321b02a6-f860-4691-b51c-3d2af8f05226]
290319c8-49ae-4d84-a6a5-2d1b0eaad604,0.51,[b46f783a-449d-4462-8ad2-b029aeca0601]
29188fe4-6c68-4e07-96fa-99ce1b88d3e7,0.51,[babd86b2-1904-46f5-ac6e-eef2d78c8276]
29e783b7-e00b-41eb-9346-2d444384ca22,0.51,[a871427f-e2dd-4403-984a-77f1d40868ab]
2a230c69-91d2-4e13-aeba-10cd4df7af9d,0.51,[38207de2-af88-48a5-8aa4-bc4b5a518195]
2a48cc2b-d514-4781-b180-d083ba1c74d9,0.51,[7a9f9b86-cd01-4f9f-93c6-bb1ebc9e5721]
2a5d0107-d3e3-41f5-a161-73624a9310b4,0.51,[b6492306-fa7e-4698-879b-a0b203fac44a]
2aaec17d-0cbb-4f73-8627-97f40386d5c6,0.51,[f68e16b0-22cf-4d36-a5b3-fe1a70eadbe0]
2ab63369-cb94-4b2a-8f15-a413b7e4a4a9,0.51,[6ae6aad6-401c-43c6-9ae1-ba49400d2d19]
2ace3f25-abfd-4d24-9848-5098ecfabc5a,0.51,[b6492306-fa7e-4698-879b-a0b203fac44a]
2b05a6ae-8922-468e-802e-c950050b42c2,0.51,[3e228e5b-1e4f-4fd5-977b-18346af528d8]
2b6f19fa-299e-45d8-bc82-5734ffe13c63,0.5233,[38207de2-af88-48a5-8aa4-bc4b5a518195]
2c2c5eb5-52a7-4a18-b1d3-3ea120c2c138,0.51,[2b6f19fa-299e-45d8-bc82-5734ffe13c63]
2c6cbb34-4505-4b63-b953-4d5d38a09fed,0.51,[db5e7b38-b39e-41ae-948e-7bdbdb2d982d]
2cb2b6f4-7aa0-4522-9b40-6b30d89ab7c6,0.51,[b6492306-fa7e-4698-879b-a0b203fac44a]
2cb588d9-ef0d-4afb-b417-900c1546f6c1,0.51,[a871427f-e2dd-4403-984a-77f1d40868ab]
2ce3bcd5-d5f6-426c-8f7d-ac7d2d9f2f9d,0.51,[be3b0011-d674-430b-9762-d2ae3821de51]
2e34f0d6-3c72-4068-99e9-a1b73cecb7f5,0.51,[2e36d554-442e-4744-83ac-e761160ed4f9]
2e36d554-442e-4744-83ac-e761160ed4f9,0.51,[b18ed6819f4d75586fd1dc8cca78f0e4]
2e664a35-315d-4174-bef3-933b80687920,0.51,[38207de2-af88-48a5-8aa4-bc4b5a518195]
2eb2f4f0-65b0-44de-920a-0ddcbdfeb280,0.5102,[97e27cf6-f526-41ab-ba54-5b2bfcf408d0]
2f007048-e509-42d5-b87b-71c2ec21f39f,0.51,[be3b0011-d674-430b-9762-d2ae3821de51]
2fbbf135-b5c1-4979-bbc9-1a466d7742cb,0.51,[b46f783a-449d-4462-8ad2-b029aeca0601]
301dada5-deb2-4ea5-b49d-2704f4657be2,0.51,[7a9f9b86-cd01-4f9f-93c6-bb1ebc9e5721]
31568673-f732-4421-8c41-8034ccc572ef,0.51,[cd47eb7c-21bf-4503-b98e-0e456c875ea5]
3161b140-8611-4023-b014-2ba8b7ea7b54,0.51,[ef74215b-3789-4c4a-b4ba-a732431b1aac]
31ad174a-978c-43f3-a031-6b060f8a48f9,0.51,[bcaf6abb-726e-42db-9b34-303d2f3905fa]
31bcb586-fe73-4c13-9413-37bed004b42b,0.51,[b6492306-fa7e-4698-879b-a0b203fac44a]
320cd618-e611-4e77-81b4-04ed22ead907,0.51,[a871427f-e2dd-4403-984a-77f1d40868ab]
321b02a6-f860-4691-b51c-3d2af8f05226,0.51,[b6492306-fa7e-4698-879b-a0b203fac44a]
324af839-9f65-4dea-b5a5-1e38e2dffb84,0.51,[b6492306-fa7e-4698-879b-a0b203fac44a]
3253cd5a-2041-41df-bad2-525fa7fa14b3,0.51,[e452cdf8-b117-4f7f-b89f-124a1fddac39]
32806a32-7728-4612-9b9a-c613f017ccef,0.51,[91ea18fa-2238-4d3d-a3e1-1eaf8af3db34]
3289f96d-0e65-4b1e-aa3c-8f62d7ffec36,0.51,[32806a32-7728-4612-9b9a-c613f017ccef]
32c753b6-7424-4047-a5e4-7b81b2b2dc4a,0.51,[38207de2-af88-48a5-8aa4-bc4b5a518195]
33cd4fc2-cb50-435f-8f1f-13f9ed39cfe1,0.51,[7a9f9b86-cd01-4f9f-93c6-bb1ebc9e5721]
33e59899-137c-4152-a7d2-7d823ecd4d65,0.51,[acbe3f5e-faf8-4aff-896f-3e869906883e]
3415dda9-8e95-43d1-a86d-4ca283aa25bc,0.51,[af29ebb1-ec55-4cc4-93b6-46460bdad0d5]
3490048e-b6c2-43e2-8174-d5f59e77c666,0.51,[b6492306-fa7e-4698-879b-a0b203fac44a]
34e53bff-dc8e-458c-8511-2a35c31c271d,0.51,[91ea18fa-2238-4d3d-a3e1-1eaf8af3db34]
34e66399-3fcb-4ccb-b765-26dba23fde6b,0.51,[b6492306-fa7e-4698-879b-a0b203fac44a]
3550cc08-43a7-49aa-b7e8-02a24a37e532,0.51,[31ad174a-978c-43f3-a031-6b060f8a48f9]
3553ded0-46dc-4380-960c-9d2a795837a9,0.51,[6ae6aad6-401c-43c6-9ae1-ba49400d2d19]
358f6568-d06a-43f8-82b7-c4867664ba34,0.51,[38207de2-af88-48a5-8aa4-bc4b5a518195]
35bffb3c-2013-4cb2-a9bb-9e7a8182bf96,0.51,[321b02a6-f860-4691-b51c-3d2af8f05226]
3754827b-6f96-4aa5-b61d-cb8699d03e40,0.51,[b6492306-fa7e-4698-879b-a0b203fac44a]
37c602bd-0773-4ef0-a89f-dbe12f763a18,0.51,[6c377be1-7825-496d-b4b0-e78f40192f5d]
38207de2-af88-48a5-8aa4-bc4b5a518195,0.49,[0b9e9e52d337879ffed9b1ade5c1e2fd]
3893d99f-9025-46ee-86b5-cd9c04d90a5e,0.51,[3bdb7fcf-c8ef-4126-92c7-833bac5ca71c]
38997916-74fe-4d8e-8a85-c0606e116de5,0.51,[b6492306-fa7e-4698-879b-a0b203fac44a]
38dae0f4-cf0d-40d4-9117-77753095059c,0.51,[38207de2-af88-48a5-8aa4-bc4b5a518195]
38e59d21-d971-47ec-a327-753748523c56,0.51,[d574c6f5-5178-4c9a-af30-34e988d83c26]
38eb0a5b-676c-46e7-8c35-696957c811fb,0.51,[38207de2-af88-48a5-8aa4-bc4b5a518195]
3937d74e-950d-47a7-b601-e4935dbb6a96,0.51,[b6492306-fa7e-4698-879b-a0b203fac44a]
39d2bca4-0b18-4ddf-b596-12ed8eb5e631,0.51,[a871427f-e2dd-4403-984a-77f1d40868ab]
3a54c161-03c4-406e-acd6-c2c5cf69f4ac,0.51,[b6492306-fa7e-4698-879b-a0b203fac44a]
3adba65d-bd72-4018-b7ff-70b3c9d981ef,0.51,[2b6f19fa-299e-45d8-bc82-5734ffe13c63]
3b5b2be5-4f3b-42bf-b123-084355d9e101,0.51,[b6492306-fa7e-4698-879b-a0b203fac44a]
3b64aada-ccd7-467b-b32a-1ce17b2ec98e,0.51,[3bdb7fcf-c8ef-4126-92c7-833bac5ca71c]
3b677d59-cf8b-477e-a88c-d2263c7bbe1c,0.7329,[ee2143dba517fd41e78080ed0d05d277]
3b9af38b-8b02-4188-a574-59680f116f80,1,[af29ebb1-ec55-4cc4-93b6-46460bdad0d5]
3bdb7fcf-c8ef-4126-92c7-833bac5ca71c,0.7501,[d36413f15c4e46e620db3149a4c5e1af]
3c51bcfd-16e5-41e6-934c-eab0bc4f22cf,0.51,[b6492306-fa7e-4698-879b-a0b203fac44a]
3c7d55e2-328d-46a4-8de7-7693c990656e,0.51,[6d19651d-eac0-47c6-8b24-8f740b4d3824]
3cb9040e-167d-4377-8648-2ff6949898a3,0.51,[a871427f-e2dd-4403-984a-77f1d40868ab]
3cd8bf9e-c4ac-4fbd-9fe6-61dd105eaef7,0.6,[b6492306-fa7e-4698-879b-a0b203fac44a]
3d2f714a-ef41-40ab-9231-6157b122c5ce,0.51,[2e36d554-442e-4744-83ac-e761160ed4f9]
3d546581-e904-481f-9d9a-6c123ba75ff9,0.51,[be3b0011-d674-430b-9762-d2ae3821de51]
3d5e6d0d-7f9d-4690-985d-0902bfe6a908,0.51,[4e2c2b4b-4f9f-4a3f-b8ae-1ed72546b998]
3d88fe48-6dc1-4ed4-a78c-92ce8977a32d,0.51,[91ea18fa-2238-4d3d-a3e1-1eaf8af3db34]
3e0660a4-767b-4ce5-b3d4-4379292fc8b8,0.51,[2b6f19fa-299e-45d8-bc82-5734ffe13c63]
3e228e5b-1e4f-4fd5-977b-18346af528d8,0.51,[b6492306-fa7e-4698-879b-a0b203fac44a]
3e24ee44-be10-4622-8ba3-b8138524c4fd,0.51,[b6492306-fa7e-4698-879b-a0b203fac44a]
3ebd5b7a-7caf-4c80-8532-f412afe6d723,0.51,[6bf00bc3-376f-4136-b761-4dd2ce188e89]
3edc25cf-c466-4055-a8e3-cc2cf6afd7f1,0.51,[e452cdf8-b117-4f7f-b89f-124a1fddac39]
3f21cf54-2055-4372-b344-0231f955d237,0.51,[d9547776-b876-478f-a353-a4894cf54dd2]
3f298e47-7bea-4d14-9e8b-b9b0fa0e55ad,0.51,[2e36d554-442e-4744-83ac-e761160ed4f9]
413d2c76-0934-40c2-b3d1-7259ebf7f7fb,0.51,[2e36d554-442e-4744-83ac-e761160ed4f9]
41debff4-b9c4-4c96-a068-0385fe20572b,0.51,[b6492306-fa7e-4698-879b-a0b203fac44a]
42226416-4e00-4503-8830-898c2b2901f5,0.51,[b6492306-fa7e-4698-879b-a0b203fac44a]
427c9262-1126-49aa-8f45-c140b61a26aa,0.51,[b6492306-fa7e-4698-879b-a0b203fac44a]
42b6021d-0e30-4121-a145-b1e59dc9ad1a,0.51,[38207de2-af88-48a5-8aa4-bc4b5a518195]
42e86d66-bd6e-410e-a0ca-e45767359f08,0.51,[a871427f-e2dd-4403-984a-77f1d40868ab]
446c527f-dc3f-4090-b9eb-f0ef8319dd08,0.51,[5cf380c1-a239-4c6c-903b-4bfd03c6373e]
44da66af-42a5-4e8e-aca7-055d631b84dd,0.51,[b6492306-fa7e-4698-879b-a0b203fac44a]
452cf60c-0e93-495b-bd39-cc0106e41cad,0.51,[b6492306-fa7e-4698-879b-a0b203fac44a]
45525a90-d1fa-4fc7-b1ab-6bc6a7ef5885,0.51,[be3b0011-d674-430b-9762-d2ae3821de51]
455a9261-f706-4f94-817e-cb4993832c13,0.51,[32806a32-7728-4612-9b9a-c613f017ccef]
456fe3e9-13ed-4b3a-99c2-94d7ee6fe2af,0.51,[6d19651d-eac0-47c6-8b24-8f740b4d3824]
46e98045-5f02-444c-9e2b-ef6198e58fe8,0.51,[38207de2-af88-48a5-8aa4-bc4b5a518195]
47a3bf9b-7f7b-431e-8180-11d0dccdd1c3,0.51,[ef74215b-3789-4c4a-b4ba-a732431b1aac]
47a56768-6216-44f3-9ff5-8679f1eefc89,0.51,[38207de2-af88-48a5-8aa4-bc4b5a518195]
47c78039-e4ec-4aab-8a71-ac7eb950bbb2,0.51,[bea989e8-26cd-4ec7-9750-4427edcca538]
47dbb198-bfb4-45d0-b9a5-ad13622b1263,0.51,[bcaf6abb-726e-42db-9b34-303d2f3905fa]
47e8c840-ebcb-4aec-93da-cc3597f74dc2,0.51,[b6492306-fa7e-4698-879b-a0b203fac44a]
4858a21e-e1ce-46e1-b11a-55f6f6272216,1,[7a9f9b86-cd01-4f9f-93c6-bb1ebc9e5721]
48e1d67a-fd48-499c-9c08-c7dbf7a0a16d,0.51,[2662f4bb-3da7-4fa6-8e7a-ce53b121fc10]
4927b0f3-5fd1-4110-a964-90ab1fade28a,0.51,[511d2ab5-7ed0-473a-8dc7-6906452fa39a]
493375d2-f22b-48e1-ba61-2faecd9693ff,0.51,[0c94693b-478a-4834-a5bd-2ae24b23701a]
495733b5-c8e2-48ec-9246-0a958329d000,0.51,[38207de2-af88-48a5-8aa4-bc4b5a518195]
496b9092-1639-4db8-b7c2-3599ee50d419,0.51,[4e2c2b4b-4f9f-4a3f-b8ae-1ed72546b998]
49887d21-c07a-4ecd-8b7c-1637558d8321,0.51,[64e34772-356a-48d5-8033-de87a8775f01]
498af987-de1f-4722-936e-9fe8de4a59bc,0.51,[e452cdf8-b117-4f7f-b89f-124a1fddac39]
4ab040a6-3c6c-4588-a07f-af077bfb94ad,0.51,[b6492306-fa7e-4698-879b-a0b203fac44a]
4af22295-3b73-479e-a6ef-ad138d52f51f,0.51,[e452cdf8-b117-4f7f-b89f-124a1fddac39]
4b05a8e6-6d39-41fc-9bad-f431f2a34684,0.51,[e960abdc-6297-42de-873c-a024beea8b83]
4bb3baac-9f3e-4467-9c38-1477cc3c85c9,0.51,[91ea18fa-2238-4d3d-a3e1-1eaf8af3db34]
4c6c86af-96f8-4b14-9617-8d50f2e7352a,0.51,[b6492306-fa7e-4698-879b-a0b203fac44a]
4cf47942-26a8-4e39-a3ae-e57e4f82a512,0.51,[3e228e5b-1e4f-4fd5-977b-18346af528d8]
4d099acb-2339-4521-a7af-6c821c81bc31,0.51,[a871427f-e2dd-4403-984a-77f1d40868ab]
4d183f07-6a17-4f8b-a81b-3cdfb8381f0e,0.51,[6ae6aad6-401c-43c6-9ae1-ba49400d2d19]
4d8f814e-1f6d-4ce9-94f5-bb22b7bc26c0,0.51,[3e228e5b-1e4f-4fd5-977b-18346af528d8]
4dd3b1cc-1037-4eff-8cac-55e3d140cbbf,0.51,[31ad174a-978c-43f3-a031-6b060f8a48f9]
4e0ad83c-32c8-4878-b532-5c0132b43893,0.51,[2e36d554-442e-4744-83ac-e761160ed4f9]
4e126bfa-6ecd-46ff-a388-26c1153ea296,0.51,[b6492306-fa7e-4698-879b-a0b203fac44a]
4e2c2b4b-4f9f-4a3f-b8ae-1ed72546b998,0.51,[6286a29f6d719abaae91da532651ee06]
4e335e66-e2d3-4bef-b5d8-81f0e4a85f94,0.51,[1402a0ca-bae4-41bd-aeda-f4510af80e8f]
4e4faae9-0f21-485c-99c7-a21bd261a650,0.5067,[f20853de-465f-4c65-bd90-95314754f774]
4ec5a36e-1a57-4ade-a84a-4af6664d3eaf,0.51,[38207de2-af88-48a5-8aa4-bc4b5a518195]
4f239fe8-3874-4a45-bc60-6a3f36eb1610,0.514,[c6f8fec9-f494-48de-8c20-7eec96ba507f]
4f57f0fa-0102-4ec9-ae88-db439cf76082,0.51,[be3b0011-d674-430b-9762-d2ae3821de51]
4f583656-bbc9-4d72-862a-298c6c4694d5,0.5112,[2662f4bb-3da7-4fa6-8e7a-ce53b121fc10]
4f8c4341-2971-4255-ab9b-2339c29a3017,0.51,[bcaf6abb-726e-42db-9b34-303d2f3905fa]
4fcdbeb6-2f73-4111-9842-92f2f6c09602,0.51,[91ea18fa-2238-4d3d-a3e1-1eaf8af3db34]
4fdcbce2-6f30-408a-a82a-b0d38bb34f71,0.51,[91ea18fa-2238-4d3d-a3e1-1eaf8af3db34]
502eace7-5363-4ab5-b913-2d84a2d444ac,0.51,[7a9f9b86-cd01-4f9f-93c6-bb1ebc9e5721]
5095d511-db53-4890-93fb-95ee4069660e,0.51,[d574c6f5-5178-4c9a-af30-34e988d83c26]
50dc38e9-6dab-44fe-a877-6fdbce6cfcad,0.51,[8ea72bec-32f2-4abc-b6b1-d5442314720a]
511d2ab5-7ed0-473a-8dc7-6906452fa39a,0.51,[b6492306-fa7e-4698-879b-a0b203fac44a]
513e5cce-3902-4e44-9437-a3f1da3b7703,0.51,[fb966296718d7843d7d73aa7d7431971]
514fdc42-1443-438b-ac5d-04d62a0ac575,0.51,[e452cdf8-b117-4f7f-b89f-124a1fddac39]
5214011f-25a3-4860-9e2e-74116f390e15,0.51,[b6492306-fa7e-4698-879b-a0b203fac44a]
5237eeb2-c377-4138-92bb-6a8857404796,0.51,[f68e16b0-22cf-4d36-a5b3-fe1a70eadbe0]
526b8672-2411-48d8-a861-343e86255ab8,0.51,[be3b0011-d674-430b-9762-d2ae3821de51]
529cd422-63a3-4bf9-baf3-a10b40a82ed2,0.51,[e960abdc-6297-42de-873c-a024beea8b83]
54f4f1f9-f9ad-4e1a-8210-53ad3e4b82aa,0.51,[b6492306-fa7e-4698-879b-a0b203fac44a]
55361d32-cf94-49f5-b389-60b74648833b,0.51,[0c94693b-478a-4834-a5bd-2ae24b23701a]
55c991ee-5eb2-4d63-b645-3e7bb965e03a,0.51,[7a9f9b86-cd01-4f9f-93c6-bb1ebc9e5721]
55cf7159-48f4-4524-a4bc-2f0c4b791b30,0.51,[be3b0011-d674-430b-9762-d2ae3821de51]
55e18d00-1556-42aa-accf-0c254e359f05,0.51,[97e27cf6-f526-41ab-ba54-5b2bfcf408d0]
56b3fd49-a37f-4cc8-86bf-c9ef2ce3c7f3,0.51,[2b6f19fa-299e-45d8-bc82-5734ffe13c63]
56f26d12-bd7f-425e-908a-c2d7d2d7d96a,0.51,[b6492306-fa7e-4698-879b-a0b203fac44a]
57450c8e-a338-4818-9358-83d2d80eb3e6,0.51,[1402a0ca-bae4-41bd-aeda-f4510af80e8f]
575a1f44-c783-461d-9d82-47ad0a120345,0.51,[c6f8fec9-f494-48de-8c20-7eec96ba507f]
57ca5788-877f-4632-b99e-bea69c6c1321,0.51,[b6492306-fa7e-4698-879b-a0b203fac44a]
57d6efc4-0649-444e-9192-a6269dc655b3,0.51,[c6f8fec9-f494-48de-8c20-7eec96ba507f]
5873ea9b-1035-49cc-a057-1dd217ef4bbe,0.51,[b6492306-fa7e-4698-879b-a0b203fac44a]
58857321-a6eb-425f-ae41-6422a97c7ec2,0.51,[9adc5882-68c0-4fca-83b8-91161ba63142]
588de90a-bc8b-4c3f-ad69-ebe2b904b1ff,0.52,[b6492306-fa7e-4698-879b-a0b203fac44a]
58b92ea1-46ed-47cd-90c1-b17c25db2d5c,0.51,[b6492306-fa7e-4698-879b-a0b203fac44a]
58f09466-5aaa-4a01-8bbf-9ab87bcdf516,0.51,[2e36d554-442e-4744-83ac-e761160ed4f9]
592040c5-444e-4c99-9f07-b3f06937fc06,0.51,[ef74215b-3789-4c4a-b4ba-a732431b1aac]
592562f1-34bd-40d6-b856-6b333efbd075,0.51,[be3b0011-d674-430b-9762-d2ae3821de51]
59527032-5685-4b3b-84e7-5129cd27eb38,0.51,[2b6f19fa-299e-45d8-bc82-5734ffe13c63]
59d8b556-9f0d-4092-b2d7-43a61ecb3897,0.51,[2b6f19fa-299e-45d8-bc82-5734ffe13c63]
59f913ed-9596-404f-930b-7d70d6c72ff8,0.51,[34e66399-3fcb-4ccb-b765-26dba23fde6b]
5a9b9efd-b51f-4703-bf97-4c24bcae394c,0.51,[4bb3baac-9f3e-4467-9c38-1477cc3c85c9]
5afe062f-5d89-4838-bd8e-654774a98df9,0.51,[b6492306-fa7e-4698-879b-a0b203fac44a]
5b73433c-e159-4843-872f-ebfa51d90dcf,0.51,[b6492306-fa7e-4698-879b-a0b203fac44a]
5b94c61d-0bd2-4f43-848c-289ae4d7a152,0.51,[b6492306-fa7e-4698-879b-a0b203fac44a]
5bb373ce-9936-423c-9412-cc098521ea7d,0.51,[be3b0011-d674-430b-9762-d2ae3821de51]
5bdd931a-d1e8-4168-a816-253c3e60a291,0.9,[6d6df71dfd3125031b8191f194f6266f]
5cf380c1-a239-4c6c-903b-4bfd03c6373e,0.51,[b6492306-fa7e-4698-879b-a0b203fac44a]
5cf54484-b90c-4195-aa67-15094b6152d1,0.6,[7df9820f-2aa8-47a2-b3e1-92486eefc5af]
5d325f13-c991-44fb-b814-8167c43b7cd2,0.51,[3b5b2be5-4f3b-42bf-b123-084355d9e101]
5d51cf63-448a-45dc-9c67-1d642bcbd05d,0.51,[11bb213a-e3da-4889-8400-236c2227e3b7]
5ddc77b3-da79-467b-b647-2e7a9e72cb0e,0.51,[e452cdf8-b117-4f7f-b89f-124a1fddac39]
5ddcc21e-27c1-407a-96d0-11e0fba528cc,0.51,[231d362c-3a18-4d73-a910-8c835d0882ad]
5e0cbd73-daec-46dc-8d65-0f7c23082e90,0.51,[b6492306-fa7e-4698-879b-a0b203fac44a]
5e435003-4032-4604-bdf4-563c2bc2d5fe,0.51,[2e36d554-442e-4744-83ac-e761160ed4f9]
5ece1bda-fad3-4e1e-81bb-e7fb9165e0c0,0.51,[d9547776-b876-478f-a353-a4894cf54dd2]
5f812111-ca1e-4ac0-9663-2af414198629,0.51,[38207de2-af88-48a5-8aa4-bc4b5a518195]
6125b4a5-0efa-42b3-afb2-8e5f482f93de,0.51,[a871427f-e2dd-4403-984a-77f1d40868ab]
614fc43e-d115-4ef5-9b8a-108a511a8d8e,0.51,[b46f783a-449d-4462-8ad2-b029aeca0601]
61d7606c-aa74-4017-9baa-c4a37a365197,0.51,[b46f783a-449d-4462-8ad2-b029aeca0601]
6213d139-dd95-4505-8adc-01790f4ba88d,0.51,[be3b0011-d674-430b-9762-d2ae3821de51]
6285b917-6641-44a2-b499-b9bf8097bcc6,0.51,[6d19651d-eac0-47c6-8b24-8f740b4d3824]
62ac2b87-de60-40a4-8cbc-fd10681d2459,1,[b6492306-fa7e-4698-879b-a0b203fac44a]
62d746e4-644c-4449-a6dd-bef9c5816e81,0.51,[b6492306-fa7e-4698-879b-a0b203fac44a]
6308d6cf-1bff-40fd-8133-89876f0040ad,0.51,[2ce3bcd5-d5f6-426c-8f7d-ac7d2d9f2f9d]
638d8111-8d10-4a76-9b2d-a6cbf6f6fe72,0.51,[a871427f-e2dd-4403-984a-77f1d40868ab]
638fa03e-ad4c-4cd0-a996-186263e5ad6f,0.51,[a871427f-e2dd-4403-984a-77f1d40868ab]
64316bb0-437b-4cb3-9833-1a1ec32a2e73,0.51,[6ae6aad6-401c-43c6-9ae1-ba49400d2d19]
649ec826-c63a-48fa-b63a-18e0e3b6f3a8,0.51,[38207de2-af88-48a5-8aa4-bc4b5a518195]
64e34772-356a-48d5-8033-de87a8775f01,0.76,[eebcb7f24994740bbed3953da635dfc1]
651d5653-e262-47f6-b253-f1cf356f9e1d,0.51,[38207de2-af88-48a5-8aa4-bc4b5a518195]
65204eaf-e961-40a9-8e4c-a5a72132d725,0.51,[6c377be1-7825-496d-b4b0-e78f40192f5d]
6576b049-7f37-4c8f-ba28-5ecd240f1014,0.51,[6d19651d-eac0-47c6-8b24-8f740b4d3824]
6596d776-2c3d-4f05-a43d-caadc91c90cb,0.51,[d0a4ce86-0379-4217-8f02-1c339584dd03]
65ff2cd1-c562-404c-841c-81dc2e872922,0.51,[38207de2-af88-48a5-8aa4-bc4b5a518195]
66690a71-149f-476b-829a-67e1ffe75d87,0.51,[ef74215b-3789-4c4a-b4ba-a732431b1aac]
66a32009-2c58-4d7b-b619-72abb92f0a10,0.51,[b6492306-fa7e-4698-879b-a0b203fac44a]
6712e388-e658-4c1b-9ccb-873f98617c28,0.51,[b6492306-fa7e-4698-879b-a0b203fac44a]
671ce3ff-657b-401d-9061-daaa25ce9013,0.51,[e452cdf8-b117-4f7f-b89f-124a1fddac39]
69032ee1-4520-412e-b218-0dc9df1fa1a7,0.51,[ef74215b-3789-4c4a-b4ba-a732431b1aac]
694538a1-02b7-460a-9af7-4d6386a85ce4,0.76,[f20853de-465f-4c65-bd90-95314754f774]
69a23052-dc95-42c3-8afb-ff33afaa98fe,0.51,[be3b0011-d674-430b-9762-d2ae3821de51]
69ac3bbf-0dbd-4feb-93cb-ace1e48460dd,0.51,[7a9f9b86-cd01-4f9f-93c6-bb1ebc9e5721]
69e5ebad-9c44-47ee-91d4-a5a31547fd6b,0.51,[f68e16b0-22cf-4d36-a5b3-fe1a70eadbe0]
6a9ae0e1-d89b-4e47-a093-4aff23052da6,0.51,[14582a46-eefb-423b-af35-7b055e6c2051]
6aa22dbf-a7d3-4e61-91a4-7c585747582c,0.51,[b6492306-fa7e-4698-879b-a0b203fac44a]
6aa42443-27fd-4bf0-ae67-a054622b2d49,0.51,[d574c6f5-5178-4c9a-af30-34e988d83c26]
6aaab24a-0ee2-470c-826f-45e7433a03aa,0.51,[b6492306-fa7e-4698-879b-a0b203fac44a]
6ae6aad6-401c-43c6-9ae1-ba49400d2d19,0.51,[a1d86cdb6bcad3024ff8928624e61345]
6aeb31a8-7c5c-4467-a7d6-9f9ea7b36c2a,0.51,[e452cdf8-b117-4f7f-b89f-124a1fddac39]
6b09a612-2c7d-461f-bd34-9a66f8bc5de3,0.51,[a871427f-e2dd-4403-984a-77f1d40868ab]
6b29161d-83aa-4260-8db4-e50f9bfbb782,0.5167,[bcaf6abb-726e-42db-9b34-303d2f3905fa]
6be9e6c4-27af-42fc-9157-34b971213979,0.51,[942acfb3d054c5736a116f8d6bf48dd8]
6bf00bc3-376f-4136-b761-4dd2ce188e89,0.51,[6c377be1-7825-496d-b4b0-e78f40192f5d]
6c03a687-83b8-44ac-93ca-16c74e36bef5,0.51,[c6f8fec9-f494-48de-8c20-7eec96ba507f]
6c377be1-7825-496d-b4b0-e78f40192f5d,0.51,[d724e45cf9c685839952787a2f50f9cc]
6c58ae2b-b38b-4061-b742-b1af653575db,0.51,[17b807bd-61b4-46f7-b267-e437295979d0]
6c804954-57a8-4e80-8ac6-5f2846c6b0c4,0.51,[2e36d554-442e-4744-83ac-e761160ed4f9]
6cde46c2-2268-47b3-a424-67ad552d264f,0.51,[59cd8260e667a2b43d319f522f5cd39a]
6ceee963-d93a-45b5-b2c4-6a84d7b7a547,0.51,[b6492306-fa7e-4698-879b-a0b203fac44a]
6d0997a3-09de-4dc3-ae56-45644bdfc52b,0.51,[bcaf6abb-726e-42db-9b34-303d2f3905fa]
6d19651d-eac0-47c6-8b24-8f740b4d3824,0.51,[b6492306-fa7e-4698-879b-a0b203fac44a]
6e535218-281c-463c-9975-49de748d093e,0.51,[b6492306-fa7e-4698-879b-a0b203fac44a]
6ed74524-104f-49cc-950c-ea17acf3cbee,0.51,[2b6f19fa-299e-45d8-bc82-5734ffe13c63]
6f278950-79a0-46b2-914e-76073385a5fe,0.51,[3bdb7fcf-c8ef-4126-92c7-833bac5ca71c]
6f2ddf97-4126-44f1-b58c-b0c9acbc1bd2,0.51,[bcaf6abb-726e-42db-9b34-303d2f3905fa]
6f53e2a1-3b42-4645-a9a9-474ea037b7d3,0.5152,[91ea18fa-2238-4d3d-a3e1-1eaf8af3db34]
6f560d17-3060-4c96-9017-24bcd32fd592,0.51,[e452cdf8-b117-4f7f-b89f-124a1fddac39]
6fc434a9-174c-4687-a6bf-3349e360857f,0.51,[bea989e8-26cd-4ec7-9750-4427edcca538]
700f41eb-f3be-407c-a341-b6a88b219c62,0.51,[a871427f-e2dd-4403-984a-77f1d40868ab]
702a23ee-a8ba-4496-aa0b-1db42e87cd5e,0.51,[7a9f9b86-cd01-4f9f-93c6-bb1ebc9e5721]
7031b59f-30f7-4750-85f7-3c5ec545b7e9,0.51,[91ea18fa-2238-4d3d-a3e1-1eaf8af3db34]
71c4351d-79bc-4d61-bd74-1344e6812ca0,0.51,[b6492306-fa7e-4698-879b-a0b203fac44a]
71d03535-945c-46c7-a9fb-2f202a78dc52,0.51,[a871427f-e2dd-4403-984a-77f1d40868ab]
7346f92d-5a40-47a9-b716-e2f3e4ef55bd,0.51,[be3b0011-d674-430b-9762-d2ae3821de51]
735625a1-aeb6-422a-bd90-ff1c36e99e80,0.51,[be3b0011-d674-430b-9762-d2ae3821de51]
7366b509-a781-48a3-9d6a-2b35814268ed,0.51,[b6492306-fa7e-4698-879b-a0b203fac44a]
73bf457a-1e17-49d6-8cea-f207c8b979a7,0.51,[97e27cf6-f526-41ab-ba54-5b2bfcf408d0]
747da8dc-79b8-495b-a40d-7b40a1eeff39,0.51,[2b6f19fa-299e-45d8-bc82-5734ffe13c63]
74a8373e-c67d-42bd-b1b8-3b11e957cd5f,0.51,[1402a0ca-bae4-41bd-aeda-f4510af80e8f]
74cf97f6-ff30-48b5-82e9-4f3010536fe6,0.51,[2b6f19fa-299e-45d8-bc82-5734ffe13c63]
755a0e4d-52ff-4811-8e52-3e0402924168,0.51,[2e36d554-442e-4744-83ac-e761160ed4f9]
758dc5f4-726d-4587-8df7-9df8aedfc914,0.51,[b6492306-fa7e-4698-879b-a0b203fac44a]
75a77cfb-006c-4c1a-91d4-19a41916330f,0.51,[a871427f-e2dd-4403-984a-77f1d40868ab]
75aafb3b-fe88-4574-ae85-573e03cc865b,0.51,[b6492306-fa7e-4698-879b-a0b203fac44a]
76354938-3934-412d-ae98-d8d65939c704,0.51,[6c377be1-7825-496d-b4b0-e78f40192f5d]
76718cef-1b21-4793-ac63-7fe84436d8bf,0.51,[7a9f9b86-cd01-4f9f-93c6-bb1ebc9e5721]
77a165e8-1dc9-446c-908e-5c79cfc2e2c1,0.51,[5bdd931a-d1e8-4168-a816-253c3e60a291]
77cadbc4-95ef-4988-ba92-0c333d937fb1,0.51,[6c377be1-7825-496d-b4b0-e78f40192f5d]
79dbf099-0f18-4d97-ac8c-212681287a55,1,[6c377be1-7825-496d-b4b0-e78f40192f5d]
7a1936f5-cbd3-4a1a-aca0-583ed385f1fa,0.51,[38207de2-af88-48a5-8aa4-bc4b5a518195]
7a27b0a4-0134-4717-80e6-9b3071c5d879,0.51,[b6492306-fa7e-4698-879b-a0b203fac44a]
7a3f1d90-256d-4a0b-ab4c-d04c8c721600,0.51,[1402a0ca-bae4-41bd-aeda-f4510af80e8f]
7a9f9b86-cd01-4f9f-93c6-bb1ebc9e5721,0.51,[29e3842dcbb94a04f21255a4bdf2e80c]
7b6cbdd5-b910-4a6e-bbe6-3c6fbcf0e3e0,0.51,[38207de2-af88-48a5-8aa4-bc4b5a518195]
7bcc4d8c-30a9-4ace-a505-c4323c8c1e1f,0.51,[2b6f19fa-299e-45d8-bc82-5734ffe13c63]
7cfc281d-99d9-4c5c-8afe-efef0865772e,0.51,[8a995a5b-1a0b-4faa-b13d-9ef18cb0171c]
7d1a9f5e-b6d1-4ec9-a906-a090d3984f90,0.51,[3bdb7fcf-c8ef-4126-92c7-833bac5ca71c]
7d67118e-5498-482c-8e36-e337674d253f,0.51,[81e0970c-15b8-49de-8af4-125de48fb730]
7df9820f-2aa8-47a2-b3e1-92486eefc5af,0.51,[b6492306-fa7e-4698-879b-a0b203fac44a]
7e011663-329d-4446-b933-519623bb6557,0.51,[a871427f-e2dd-4403-984a-77f1d40868ab]
7e0cad4a-400d-4b6f-b91a-a479b476d1ca,0.51,[e452cdf8-b117-4f7f-b89f-124a1fddac39]
7e821184-22a7-487f-b864-524b51f33b6e,0.51,[1402a0ca-bae4-41bd-aeda-f4510af80e8f]
7eb4d6cf-83b9-4f0b-be3b-382f6c92499e,0.51,[3b5b2be5-4f3b-42bf-b123-084355d9e101]
7f61cd29-1ac9-4352-b819-b829efc5bbc3,1,[6c377be1-7825-496d-b4b0-e78f40192f5d]
7f74ea92-0bb5-47bf-9699-64b1826489f1,0.51,[b6492306-fa7e-4698-879b-a0b203fac44a]
7fc9e05f-c4f4-474a-857e-52d7f87a0320,0.51,[b6492306-fa7e-4698-879b-a0b203fac44a]
7fdcd62e-0471-441e-9c3d-5bb29aea2ca9,0.51,[2b6f19fa-299e-45d8-bc82-5734ffe13c63]
7fe779c9-3114-4bbc-ba45-3e6fbe3c02e1,0.51,[38207de2-af88-48a5-8aa4-bc4b5a518195]
80191c42-7a89-49f6-b4f9-c93c48b46419,0.51,[c6f8fec9-f494-48de-8c20-7eec96ba507f]
80f4acc0-2554-4e40-8fce-697750f4cf36,0.51,[91ea18fa-2238-4d3d-a3e1-1eaf8af3db34]
8114777e-7993-455d-8f05-440b2e0530e8,0.55,[b6492306-fa7e-4698-879b-a0b203fac44a]
811dead1-7288-4b5a-8a37-0d3200250e2e,0.51,[0c94693b-478a-4834-a5bd-2ae24b23701a]
81c1ec51-1771-4a65-82e9-fd419f77133e,0.51,[9e766ea8-4948-4a0a-b7b5-b4fa12539bc9]
81e0970c-15b8-49de-8af4-125de48fb730,0.51,[97e27cf6-f526-41ab-ba54-5b2bfcf408d0]
81f92509-f011-403b-b811-3e45722116f6,0.51,[38207de2-af88-48a5-8aa4-bc4b5a518195]
822332fc-b52f-41f9-b37d-dde5224dc6de,0.51,[d9547776-b876-478f-a353-a4894cf54dd2]
8243b7fa-920a-4c6e-a448-cf521f398589,0.51,[b6492306-fa7e-4698-879b-a0b203fac44a]
82910c3c-6162-43e0-8e0d-b5969acd4767,0.51,[2e36d554-442e-4744-83ac-e761160ed4f9]
829ce98d-2967-49e1-b675-e4573cbd7077,0.51,[2859cae7-bc89-4d2f-b035-3b07b8dabe82]
82b534bc-0e4a-4803-a393-a2d51fc70eec,0.55,[54f4f1f9-f9ad-4e1a-8210-53ad3e4b82aa]
82b6025f-6d15-4b7f-b94a-f3c789cc9585,0.51,[2b6f19fa-299e-45d8-bc82-5734ffe13c63]
831a7198-3530-4cad-84a9-ae72c9eaa882,0.51,[2e36d554-442e-4744-83ac-e761160ed4f9]
8323f2f3-39cf-4892-8dcc-96674939a249,0.51,[6c377be1-7825-496d-b4b0-e78f40192f5d]
83a10078-8d1d-4435-8a40-4d44147dfdfb,0.505,[38207de2-af88-48a5-8aa4-bc4b5a518195]
83bc8fd8-d6f9-4c38-b052-dc6fb142485b,0.51,[3e228e5b-1e4f-4fd5-977b-18346af528d8]
8433d7fc-257b-4e48-8a2d-57e382c433c1,0.51,[bcaf6abb-726e-42db-9b34-303d2f3905fa]
846a582a-d5db-4ef6-8458-0ac1f2b39703,0.51,[be3b0011-d674-430b-9762-d2ae3821de51]
859f49da-0fc5-4221-8dbc-b3516858851e,0.51,[66a32009-2c58-4d7b-b619-72abb92f0a10]
862b45ec-3d32-4ec2-bb38-aeedc78d485f,0.51,[2b6f19fa-299e-45d8-bc82-5734ffe13c63]
867703e5-1f4b-4f4c-b604-057f1eb8db25,0.752,[b7659f534a004f885986e1d96b514282]
867cf231-6ea8-476f-a6c6-ed725f42e1ba,0.51,[3e228e5b-1e4f-4fd5-977b-18346af528d8]
8701d9b8-1e57-45f7-9b04-5fd93321a786,0.51,[db5e7b38-b39e-41ae-948e-7bdbdb2d982d]
873846bc-c26f-49a5-80e1-74f5aaa73f8f,0.51,[f888b296-6e75-49d3-a5e9-1fcf6bd6cb34]
87ceedc4-49ba-4efc-924a-300e2d2fcc3e,0.51,[e452cdf8-b117-4f7f-b89f-124a1fddac39]
88de6ef8-32c5-4189-be5f-d48aaf720672,0.51,[91ea18fa-2238-4d3d-a3e1-1eaf8af3db34]
891ee4c4-501f-42c2-b25a-eeb23180fbfd,0.51,[3bdb7fcf-c8ef-4126-92c7-833bac5ca71c]
8a95fd6f-4417-4ad9-afc2-4b0b10146760,0.51,[a1f37dd0-f5f4-4c36-8a42-22a2302505f1]
8a995a5b-1a0b-4faa-b13d-9ef18cb0171c,0.51,[38207de2-af88-48a5-8aa4-bc4b5a518195]
8baf962b-d1e3-438c-b127-63bad3297862,0.51,[6c377be1-7825-496d-b4b0-e78f40192f5d]
8bc43989-0f61-47c5-a52e-85e86bc03058,0.51,[b6492306-fa7e-4698-879b-a0b203fac44a]
8c641a0e-56b8-4001-973c-b1549610df2b,0.51,[a871427f-e2dd-4403-984a-77f1d40868ab]
8c6c6752-7e67-42bc-8dd3-b0f53af50fa8,0.51,[97e27cf6-f526-41ab-ba54-5b2bfcf408d0]
8d67f9e0-16da-4a41-94ca-95d77e193d04,0.51,[6d19651d-eac0-47c6-8b24-8f740b4d3824]
8dcefbd7-1df5-4935-a68c-addcc8d985ee,0.51,[be3b0011-d674-430b-9762-d2ae3821de51]
8de6bc99-3c6a-46e3-ba8a-05441e8aee10,0.51,[b6492306-fa7e-4698-879b-a0b203fac44a]
8e067055-6659-4bbd-8062-c1aca8ec67d2,0.51,[2e36d554-442e-4744-83ac-e761160ed4f9]
8e5119d7-2a6b-48ee-9596-b1e206733753,0.51,[6d19651d-eac0-47c6-8b24-8f740b4d3824]
8ea72bec-32f2-4abc-b6b1-d5442314720a,0.51,[af3fc667-72a5-4d9c-a5e8-17d998c8f54a]
8efcbd5b-6969-4718-8b7b-496ff5fb70f6,0.51,[a871427f-e2dd-4403-984a-77f1d40868ab]
8fdb0d81-ab56-4364-9609-06baed13cac2,0.51,[be3b0011-d674-430b-9762-d2ae3821de51]
909a7b0f-bb8d-4e4a-b670-9756fd1a4dd3,1,[44da66af-42a5-4e8e-aca7-055d631b84dd]
90a91ba4-3846-4867-981d-9604909851a5,0.51,[31ad174a-978c-43f3-a031-6b060f8a48f9]
90f710cc-100e-479a-aca7-a3e810e095df,0.51,[47a56768-6216-44f3-9ff5-8679f1eefc89]
914cd729-8259-4c87-af2d-01acc8b87630,0.51,[6d19651d-eac0-47c6-8b24-8f740b4d3824]
916a2afc-7f83-4cc0-aed6-d3213213be4e,0.51,[38207de2-af88-48a5-8aa4-bc4b5a518195]
91b929c7-19be-40f5-a8cc-4ca1a4879033,0.51,[be3b0011-d674-430b-9762-d2ae3821de51]
91b9d2b8-2efe-4656-b0c6-5952ac71cbac,0.51,[b6492306-fa7e-4698-879b-a0b203fac44a]
91dd9c0a-87e9-430c-a28a-df0b6cc0a469,0.51,[0c94693b-478a-4834-a5bd-2ae24b23701a]
91ea18fa-2238-4d3d-a3e1-1eaf8af3db34,0.51,[610d95495e618c7b2535ecee121654d9]
91eddacd-18f0-41f6-8b0b-764f60ddd415,0.51,[2b6f19fa-299e-45d8-bc82-5734ffe13c63]
9282c459-172c-4efd-9eb8-f866d6ea9803,0.51,[97e27cf6-f526-41ab-ba54-5b2bfcf408d0]
936599c4-8ee8-4e7b-9ea7-807e070dfb47,0.51,[2b6f19fa-299e-45d8-bc82-5734ffe13c63]
9418842d-4636-4e49-8088-272b4a6bec0f,0.51,[fd59eaf3-2a7c-483e-8aff-35f8822c659c]
94a1511d-f929-42fe-94cc-2a4f0264cd82,0.51,[be3b0011-d674-430b-9762-d2ae3821de51]
94b5fbe1-4c84-4f90-af59-b08b77f00091,0.51,[2ce3bcd5-d5f6-426c-8f7d-ac7d2d9f2f9d]
94d0106d-8137-46b5-a184-ca83b14702c7,0.51,[e452cdf8-b117-4f7f-b89f-124a1fddac39]
950a2316-b05a-492e-8453-46af10353adc,0.51,[81e0970c-15b8-49de-8af4-125de48fb730]
95500b41-f86b-4ecb-abe7-d484367c5dc2,0.51,[97e27cf6-f526-41ab-ba54-5b2bfcf408d0]
95624505-a710-4f28-8036-52d53eb26fd2,0.51,[7a9f9b86-cd01-4f9f-93c6-bb1ebc9e5721]
959f78aa-dba3-4310-a0b3-5ffe672bb6ed,0.51,[a1f37dd0-f5f4-4c36-8a42-22a2302505f1]
95df9cab-28d8-458b-915f-49a7764ea3be,0.51,[38207de2-af88-48a5-8aa4-bc4b5a518195]
95f7fbc7-7fec-4c98-bf1e-23101bf82e5a,0.51,[38207de2-af88-48a5-8aa4-bc4b5a518195]
96e9690d-291d-4d24-9acf-f78741c83523,0.51,[38207de2-af88-48a5-8aa4-bc4b5a518195]
9720efd6-fb85-491c-bb77-f2a4cae58040,0.51,[6ae6aad6-401c-43c6-9ae1-ba49400d2d19]
979b671a-74d5-4ae9-82cb-09d4995131f3,0.51,[31ad174a-978c-43f3-a031-6b060f8a48f9]
97dd5e13-e7f9-4017-b815-8c51b5b083eb,0.51,[2ce3bcd5-d5f6-426c-8f7d-ac7d2d9f2f9d]
97e27cf6-f526-41ab-ba54-5b2bfcf408d0,0.51,[7667cdc376bb6f858957990b4a8b0686]
9852d825-bc5b-4bcb-b164-764142150827,0.51,[a871427f-e2dd-4403-984a-77f1d40868ab]
9919e34e-d1ad-45d2-a905-9f78e12ee78f,0.51,[2e36d554-442e-4744-83ac-e761160ed4f9]
9965b9ab-302e-4292-9036-d5a05d0fe97c,0.51,[38207de2-af88-48a5-8aa4-bc4b5a518195]
99781c25-0285-4751-907b-82329485342f,0.51,[38207de2-af88-48a5-8aa4-bc4b5a518195]
997ac77b-25bd-4131-97c1-8347731e29b0,0.51,[91ea18fa-2238-4d3d-a3e1-1eaf8af3db34]
999cb166-fb82-4d74-aa8a-88a3ddecca3d,0.51,[b6492306-fa7e-4698-879b-a0b203fac44a]
9a7c81d7-12e5-4893-8936-b0be1fa7be16,0.51,[6c377be1-7825-496d-b4b0-e78f40192f5d]
9aaa6553-a83d-42d8-ac5f-e08dd8a94d0d,0.51,[b6492306-fa7e-4698-879b-a0b203fac44a]
9adc5882-68c0-4fca-83b8-91161ba63142,1,[6217f328382018e0af5c56217e15f904]
9ae42f52-eaf6-4bcf-b9b0-df7db2e2aae0,0.76,[f20853de-465f-4c65-bd90-95314754f774]
9babc365-7596-4f55-8703-f7898e4808b5,0.51,[91ea18fa-2238-4d3d-a3e1-1eaf8af3db34]
9c082df6-2767-4efa-9187-b5cbdcab7f24,0.51,[2e36d554-442e-4744-83ac-e761160ed4f9]
9cae65fc-6674-4aac-83c1-942d59457b08,0.51,[71d03535-945c-46c7-a9fb-2f202a78dc52]
9d02f2ff-e770-421c-9fd7-8c868909d7e8,0.51,[3937d74e-950d-47a7-b601-e4935dbb6a96]
9e2c0cd8-a270-493e-be10-72effc55a878,0.51,[d574c6f5-5178-4c9a-af30-34e988d83c26]
9e766ea8-4948-4a0a-b7b5-b4fa12539bc9,0.51,[b6492306-fa7e-4698-879b-a0b203fac44a]
9e79e110-c588-462f-bbe2-47dc909c7286,0.51,[38207de2-af88-48a5-8aa4-bc4b5a518195]
9eee8684-8ca3-4ec5-8f8e-7b9d7c4747ed,0.51,[b46f783a-449d-4462-8ad2-b029aeca0601]
9f64bb3a-8ee5-4d0c-b7c4-b83d4360638b,0.51,[2e36d554-442e-4744-83ac-e761160ed4f9]
a0498e66-f468-4b0c-968b-db8c05f55b8b,0.51,[2b6f19fa-299e-45d8-bc82-5734ffe13c63]
a0726f3f-6f8f-4034-bf68-f89cfbf960fa,0.51,[bcaf6abb-726e-42db-9b34-303d2f3905fa]
a09f7b27-4fac-4b60-8f68-c63489ff8e13,0.51,[66a32009-2c58-4d7b-b619-72abb92f0a10]
a0a78207-4981-4c75-b0ea-51c77bee6616,0.51,[38207de2-af88-48a5-8aa4-bc4b5a518195]
a0a7bd37-cea2-4543-af3e-ea55b350117c,0.51,[ef74215b-3789-4c4a-b4ba-a732431b1aac]
a15b7c7d-408e-4a53-8390-d2bfc2ee0e68,0.51,[b6492306-fa7e-4698-879b-a0b203fac44a]
a1644094-5c18-4af4-83de-ec494cd86461,0.51,[b6492306-fa7e-4698-879b-a0b203fac44a]
a1a4a1ec-60c6-4fde-b40d-a9223cc66981,0.51,[38207de2-af88-48a5-8aa4-bc4b5a518195]
a1f37dd0-f5f4-4c36-8a42-22a2302505f1,0.51,[54f4f1f9-f9ad-4e1a-8210-53ad3e4b82aa]
a2055c66-5e0d-497a-9c7b-3de8ab2fddd5,0.51,[b6492306-fa7e-4698-879b-a0b203fac44a]
a2415c87-a54d-47c7-9181-8cddb6fe9523,0.51,[f20853de-465f-4c65-bd90-95314754f774]
a2bd549b-901b-4825-a0ad-5b86edfd6664,0.51,[a871427f-e2dd-4403-984a-77f1d40868ab]
a2e4a831-e9d8-4ca5-8946-00fe55fcfe20,0.51,[80f4acc0-2554-4e40-8fce-697750f4cf36]
a34a8ad5-7d65-4d5c-a2a6-7d72e7b0f1a3,0.51,[b6492306-fa7e-4698-879b-a0b203fac44a]
a3fa1a5d-b93c-4831-b73d-05f4eed7c9d8,0.51,[6ae6aad6-401c-43c6-9ae1-ba49400d2d19]
a42df826-37b9-4daa-887d-8366549fad2c,0.51,[b6492306-fa7e-4698-879b-a0b203fac44a]
a46f2f06-3bc3-46b5-b282-49cc1a236065,0.51,[b6492306-fa7e-4698-879b-a0b203fac44a]
a56b7f67-2ab7-4202-9d45-0f8a934a3843,0.51,[3e24ee44-be10-4622-8ba3-b8138524c4fd]
a572b42f-0192-46a5-b6a0-ca023c5e767c,0.51,[bea989e8-26cd-4ec7-9750-4427edcca538]
a661925a-0b3a-455b-adec-f9579931a829,0.51,[2b6f19fa-299e-45d8-bc82-5734ffe13c63]
a6853427-0531-443d-a011-1e8caa7a2876,0.51,[b6492306-fa7e-4698-879b-a0b203fac44a]
a6d7cc23-11c5-4856-892e-e24d7f0bad4e,0.51,[b6492306-fa7e-4698-879b-a0b203fac44a]
a7498b8c-d065-401b-985d-7543988cfafa,0.51,[6c377be1-7825-496d-b4b0-e78f40192f5d]
a7c50207-d853-49bb-b13b-fc4485eea70d,0.51,[24d3c116-4d75-409c-8b8d-4a9d74ca852c]
a86f5344-6dcf-4ce1-b514-ff3d4ae1c846,0.51,[91ea18fa-2238-4d3d-a3e1-1eaf8af3db34]
a871427f-e2dd-4403-984a-77f1d40868ab,0.51,[b6492306-fa7e-4698-879b-a0b203fac44a]
a8741f7b-2a0c-46e8-9e62-5e59f7ae372d,0.51,[b6492306-fa7e-4698-879b-a0b203fac44a]
a87e9562-2899-4a62-b8ee-ca15a1cf8792,1,[e452cdf8-b117-4f7f-b89f-124a1fddac39]
a8cd8861-691d-4a0a-9bd2-d2ef842f5317,0.51,[b6492306-fa7e-4698-879b-a0b203fac44a]
a92b235d-a03c-404e-8c7d-939883ea557b,0.51,[6d19651d-eac0-47c6-8b24-8f740b4d3824]
a9674469-5709-4413-8415-7e17e8d5d8d9,0.51,[d574c6f5-5178-4c9a-af30-34e988d83c26]
a96da28b-ea48-4fb5-a95a-9b40cd23c4cd,0.51,[25a55e8f-4bd7-47c6-9fda-1c5370e62687]
a9cdcf48-0266-498f-b633-49689bd63e97,0.51,[2e36d554-442e-4744-83ac-e761160ed4f9]
a9ec221a-ff56-4180-b560-57d0783cb945,0.51,[b6492306-fa7e-4698-879b-a0b203fac44a]
a9f54258-565d-4d14-ab44-2b044801b1fe,0.51,[d9547776-b876-478f-a353-a4894cf54dd2]
ab94d3d6-88e3-4170-bb76-4b824418d93c,0.51,[2e36d554-442e-4744-83ac-e761160ed4f9]
abaae740-8e7c-4186-af82-a4c240d8f95d,0.51,[97e27cf6-f526-41ab-ba54-5b2bfcf408d0]
abf66a88-d818-43aa-b94f-3a1aadeb7d5c,0.51,[e452cdf8-b117-4f7f-b89f-124a1fddac39]
abffe2f7-7061-4a7f-bfaa-3f5857f785c0,0.51,[b642c5b4-7688-47ea-a3ac-5429aa53281f]
ac423831-b767-4490-925d-e996de354ecf,0.76,[f20853de-465f-4c65-bd90-95314754f774]
acbe3f5e-faf8-4aff-896f-3e869906883e,0.51,[91ea18fa-2238-4d3d-a3e1-1eaf8af3db34]
acd15cd9-e4f6-48b4-adc5-1acfcd52b632,0.51,[d574c6f5-5178-4c9a-af30-34e988d83c26]
ad0b25b5-8da6-428a-bce6-6c8ebd392763,0.51,[6c377be1-7825-496d-b4b0-e78f40192f5d]
ad544aed-9c61-411a-a07c-64ccd6ca985b,0.51,[c7b6569e-09e8-4e96-8021-78b853e8b521]
ad7d2862-6e04-4381-ba28-aeb17a0826cd,0.51,[ef74215b-3789-4c4a-b4ba-a732431b1aac]
ada8297b-f06b-49c9-aea8-fe14d2004720,0.51,[b6492306-fa7e-4698-879b-a0b203fac44a]
adb0b1c8-f8b8-4929-9e18-6833c5452eb2,0.51,[be3b0011-d674-430b-9762-d2ae3821de51]
adeb1fbb-d9ee-4133-8389-4c78120e0f5c,0.51,[2ce3bcd5-d5f6-426c-8f7d-ac7d2d9f2f9d]
aea6003a-9aa5-4015-9d5b-8dc232049914,0.51,[be3b0011-d674-430b-9762-d2ae3821de51]
aeed1614-0020-4229-b767-3b8c5ee82896,0.5115,[38207de2-af88-48a5-8aa4-bc4b5a518195]
af29ebb1-ec55-4cc4-93b6-46460bdad0d5,0.51,[6c377be1-7825-496d-b4b0-e78f40192f5d]
af3fc667-72a5-4d9c-a5e8-17d998c8f54a,0.51,[b6492306-fa7e-4698-879b-a0b203fac44a]
af429eae-4f41-408a-bdba-2702036f2bb1,0.51,[e452cdf8-b117-4f7f-b89f-124a1fddac39]
b088a83f-7cc6-46a9-8d2a-9d15ead45968,0.51,[3e24ee44-be10-4622-8ba3-b8138524c4fd]
b0a8ba7c-e4c2-46f8-b049-40d6f17ee799,0.51,[d1fb6ec0990b71d2beb607263237ad5e]
b0b187b2-b5d3-4f34-93b0-281a611b55b4,0.51,[9adc5882-68c0-4fca-83b8-91161ba63142]
b0ec309c-c8ac-4a99-82ac-a47233375d70,0.51,[97e27cf6-f526-41ab-ba54-5b2bfcf408d0]
b12142be-906a-4827-83ac-858b88577063,0.51,[3bdb7fcf-c8ef-4126-92c7-833bac5ca71c]
b12c10f5-9a8a-4d04-9126-60db14a80195,0.51,[e452cdf8-b117-4f7f-b89f-124a1fddac39]
b1c95283-6d03-427f-82d0-c253990564d9,0.51,[c9a07d11-d7d6-4b45-ba3a-327e370bea88]
b1d01be3-6b15-4fed-9aac-36591de687f5,0.51,[be3b0011-d674-430b-9762-d2ae3821de51]
b1e26913-c9b3-42c0-8d79-53fac787eb24,0.51,[e452cdf8-b117-4f7f-b89f-124a1fddac39]
b2fb65ba-ac78-4e9f-a70e-6032acf402b5,0.51,[6d19651d-eac0-47c6-8b24-8f740b4d3824]
b3d077e2-d4cf-4538-83b1-62660969a3c1,0.51,[c6f8fec9-f494-48de-8c20-7eec96ba507f]
b46f783a-449d-4462-8ad2-b029aeca0601,0.51,[b6492306-fa7e-4698-879b-a0b203fac44a]
b4de49ab-5508-4ba6-bff0-5f89c60ddfe7,0.51,[2e36d554-442e-4744-83ac-e761160ed4f9]
b4e66e9b-d210-43b8-83e2-9cc307ceae01,0.51,[b6492306-fa7e-4698-879b-a0b203fac44a]
b4f1d801-0c94-4459-9a73-125366d1f219,0.5125,[b6492306-fa7e-4698-879b-a0b203fac44a]
b51ed37d-8446-45f6-a0ba-6b762183334e,0.51,[916a2afc-7f83-4cc0-aed6-d3213213be4e]
b52a5f58-38e6-4672-a35a-563b8fea5b4b,0.51,[af429eae-4f41-408a-bdba-2702036f2bb1]
b53014c2-f61a-4435-b11a-0ed659a5ea20,0.51,[1402a0ca-bae4-41bd-aeda-f4510af80e8f]
b581a720-7328-4b14-94aa-910681d6323f,0.51,[3b5b2be5-4f3b-42bf-b123-084355d9e101]
b61891b6-1aca-4df0-b16d-5b8eb6a8edf4,0.51,[3d2f714a-ef41-40ab-9231-6157b122c5ce]
b61a4464-8286-432d-8b0c-c7def18ca8c5,0.51,[321b02a6-f860-4691-b51c-3d2af8f05226]
b642c5b4-7688-47ea-a3ac-5429aa53281f,0.51,[a871427f-e2dd-4403-984a-77f1d40868ab]
b6492306-fa7e-4698-879b-a0b203fac44a,0.8,[618604724d336a1b0b69cf10faccf424]
b70487d5-8293-48e5-bcce-cafef25f22fe,1,[f68e16b0-22cf-4d36-a5b3-fe1a70eadbe0]
b70c642f-7f0c-491c-a5c1-5f50946be53f,0.51,[a871427f-e2dd-4403-984a-77f1d40868ab]
b784c6a9-141f-4ad6-a805-ae605ed498d1,0.51,[321b02a6-f860-4691-b51c-3d2af8f05226]
b8595fd0-c9be-438a-be6d-3384cf61779c,0.51,[b6492306-fa7e-4698-879b-a0b203fac44a]
b9c9de61-3b0c-4412-83c0-bf70f0cb2520,0.51,[b6492306-fa7e-4698-879b-a0b203fac44a]
babcecdb-02f1-4812-93da-b4e4a25827fa,0.51,[b6492306-fa7e-4698-879b-a0b203fac44a]
babd86b2-1904-46f5-ac6e-eef2d78c8276,0.51,[a668140bcb8bf3e89611b6217b4e99cf]
baebaf7e-8c47-4274-85ec-698437c293a3,0.51,[b6492306-fa7e-4698-879b-a0b203fac44a]
bc59dcf1-a445-4cb7-a84b-76e2000f0499,0.51,[91ea18fa-2238-4d3d-a3e1-1eaf8af3db34]
bca38972-9714-4e8a-bcb7-24073148b4b1,0.51,[f20853de-465f-4c65-bd90-95314754f774]
bcaf6abb-726e-42db-9b34-303d2f3905fa,0.51,[25759055b5a8b28a144a696503861cb2]
bcc26bbc-38e5-453b-b195-1de88d2977b3,1,[2e36d554-442e-4744-83ac-e761160ed4f9]
bdb6723e-469a-4a56-91b5-bf39ee15542e,0.51,[2e36d554-442e-4744-83ac-e761160ed4f9]
bdc44991-5d7f-4775-9eda-fe2ae6c68951,0.51,[be3b0011-d674-430b-9762-d2ae3821de51]
be37bed1-281d-472b-8534-e7d4821931b2,0.51,[db5e7b38-b39e-41ae-948e-7bdbdb2d982d]
be3b0011-d674-430b-9762-d2ae3821de51,0.51,[b6492306-fa7e-4698-879b-a0b203fac44a]
be455513-5baa-41ff-91d0-87d326b1871d,0.51,[b6492306-fa7e-4698-879b-a0b203fac44a]
bea989e8-26cd-4ec7-9750-4427edcca538,0.51,[b6492306-fa7e-4698-879b-a0b203fac44a]
bf309bdd-1f80-4f23-85a2-263c99107266,0.51,[1402a0ca-bae4-41bd-aeda-f4510af80e8f]
bf85500f-04af-4f9f-a4f9-266d59f08932,0.51,[f40c9326-4416-4263-a5c6-cd3802c7026d]
c0965868-b034-42f0-87f9-595dbfe8382d,0.51,[b46f783a-449d-4462-8ad2-b029aeca0601]
c14a1047-89a8-4b2c-827c-dc098296efd3,0.51,[91ea18fa-2238-4d3d-a3e1-1eaf8af3db34]
c16410e6-5cbb-4b7c-aaeb-189b9c264c81,0.51,[91ea18fa-2238-4d3d-a3e1-1eaf8af3db34]
c217c592-b8f4-46e6-ac02-cff8995d9784,0.51,[3937d74e-950d-47a7-b601-e4935dbb6a96]
c2833b13-425e-45a9-a70a-c8c297f4ba76,0.51,[a0726f3f-6f8f-4034-bf68-f89cfbf960fa]
c2890a66-8cbb-412d-b40a-309a22bd5169,0.51,[bcaf6abb-726e-42db-9b34-303d2f3905fa]
c2aeba38-642b-4735-9973-dcc4220804b5,0.51,[7a9f9b86-cd01-4f9f-93c6-bb1ebc9e5721]
c2db7a6e-3972-4b1f-be66-5cac1b1f984c,1,[b6492306-fa7e-4698-879b-a0b203fac44a]
c2fad227-255d-4f9e-9551-f66391cb6c40,0.51,[b6492306-fa7e-4698-879b-a0b203fac44a]
c30f933a-6994-4419-8ec4-97562f4b61c8,0.5,[29092b0907258ef46855d3dbdc221332]
c384b11f-537c-43eb-9b07-1575ff7aa4ec,0.51,[7a9f9b86-cd01-4f9f-93c6-bb1ebc9e5721]
c4219d05-2864-4df0-b337-144c79a62618,0.51,[6ae6aad6-401c-43c6-9ae1-ba49400d2d19]
c42fe3be-5786-45ac-a79b-f07ab2eeed9b,0.51,[b6492306-fa7e-4698-879b-a0b203fac44a]
c4e30db1-cc83-4b5e-9946-c83efa7aa639,0.51,[6d19651d-eac0-47c6-8b24-8f740b4d3824]
c593d937-d285-41b5-9ef3-5bf1b3db96dd,0.51,[6d19651d-eac0-47c6-8b24-8f740b4d3824]
c6787d3d-707c-4d17-9639-f9bb0d2e4936,0.51,[a871427f-e2dd-4403-984a-77f1d40868ab]
c68d50bc-9b48-4cfe-bb41-104eff073b03,0.51,[be3b0011-d674-430b-9762-d2ae3821de51]
c6f8fec9-f494-48de-8c20-7eec96ba507f,0.51,[b6492306-fa7e-4698-879b-a0b203fac44a]
c7b6569e-09e8-4e96-8021-78b853e8b521,0.51,[e452cdf8-b117-4f7f-b89f-124a1fddac39]
c7b96ad1-db68-4162-a1ab-72356c2cc289,0.51,[38207de2-af88-48a5-8aa4-bc4b5a518195]
c7c5eb45-f83c-45c0-bad7-bd2fc2965a93,0.51,[38207de2-af88-48a5-8aa4-bc4b5a518195]
c7da33fb-836b-412a-8639-0fba8b2223f1,0.51,[a871427f-e2dd-4403-984a-77f1d40868ab]
c807c72a-3903-46ba-b905-05aab62450fa,0.51,[3b5b2be5-4f3b-42bf-b123-084355d9e101]
c8104fc1-937a-48a9-8249-157b43e25125,0.51,[91ea18fa-2238-4d3d-a3e1-1eaf8af3db34]
c8423509-9b44-4f49-882c-656a5830e88c,0.51,[bdb6723e-469a-4a56-91b5-bf39ee15542e]
c89e0a74-c883-4e63-9719-ac7f40229c25,0.51,[6d19651d-eac0-47c6-8b24-8f740b4d3824]
c9a07d11-d7d6-4b45-ba3a-327e370bea88,0.51,[db5e7b38-b39e-41ae-948e-7bdbdb2d982d]
c9ee834c-2af3-460f-af0d-5fb2031d4e14,0.51,[be3b0011-d674-430b-9762-d2ae3821de51]
c9fcc2bc-eace-4fbb-ac97-885853b7ad98,0.5155,[bcaf6abb-726e-42db-9b34-303d2f3905fa]
ca319e9d-bd40-43df-825f-0e120f34a8cb,0.51,[b6492306-fa7e-4698-879b-a0b203fac44a]
ca428de4-1029-49b8-b91d-15d4ccd5bf97,0.51,[be3b0011-d674-430b-9762-d2ae3821de51]
ca87319e-0f8e-46f5-8f7a-1e3dd3ca5171,0.51,[38207de2-af88-48a5-8aa4-bc4b5a518195]
cb077939-398d-4a1b-a661-f33e24f646ae,0.51,[f68e16b0-22cf-4d36-a5b3-fe1a70eadbe0]
cb2ab034-c64f-4aef-a6b8-1feb816b2b0b,0.51,[38207de2-af88-48a5-8aa4-bc4b5a518195]
cb8f08c0-a77b-4066-9d4a-e5de0a255c3e,0.51,[b6492306-fa7e-4698-879b-a0b203fac44a]
cc4d3ea5-8de5-4bdb-8d4b-e4cb766925c9,0.51,[6ae6aad6-401c-43c6-9ae1-ba49400d2d19]
cc74d5e7-da91-4636-b612-894bdc511a65,0.51,[d9547776-b876-478f-a353-a4894cf54dd2]
ccd93313-8286-4690-9e1d-f4d1611a67bd,0.51,[91ea18fa-2238-4d3d-a3e1-1eaf8af3db34]
cd316b8a-1a93-4365-95e6-bb0b88e2b06c,0.51,[e452cdf8-b117-4f7f-b89f-124a1fddac39]
cd47eb7c-21bf-4503-b98e-0e456c875ea5,0.51,[b6492306-fa7e-4698-879b-a0b203fac44a]
cd5e07d5-8a8e-46ed-80d3-7ddfa91dda13,0.51,[7a9f9b86-cd01-4f9f-93c6-bb1ebc9e5721]
cda9cc63-cdcd-4055-8082-0184a78a2a0d,0.51,[b6492306-fa7e-4698-879b-a0b203fac44a]
cdb3b195-a315-46b6-91d5-b4f932df675c,0.51,[38207de2-af88-48a5-8aa4-bc4b5a518195]
ce0a71b4-1e36-41be-aa79-ca09ca9fc234,0.51,[5bdd931a-d1e8-4168-a816-253c3e60a291]
ce407874-bfb5-4561-afaf-403578dbcbc2,0.51,[b6492306-fa7e-4698-879b-a0b203fac44a]
ce9925a9-cffd-40b7-af72-974a47dabe6d,0.51,[6c377be1-7825-496d-b4b0-e78f40192f5d]
ceb76957-7e5a-4008-a07c-01175de8233f,0.51,[b6492306-fa7e-4698-879b-a0b203fac44a]
ceb7a3ef-1fe8-47b9-8737-c7e210a8e1c9,0.51,[b6492306-fa7e-4698-879b-a0b203fac44a]
cf7bc892-d2e5-42b4-a566-d4b7fbdb18c3,0.51,[32806a32-7728-4612-9b9a-c613f017ccef]
cfec1c52-9c6f-4695-884e-8d07e14dfe2d,0.51,[6d19651d-eac0-47c6-8b24-8f740b4d3824]
d0495b19-21d8-4cd1-86a6-aef591b38865,0.51,[6c377be1-7825-496d-b4b0-e78f40192f5d]
d0885159-e90a-450c-9372-f78686b7a924,0.51,[be3b0011-d674-430b-9762-d2ae3821de51]
d0a4ce86-0379-4217-8f02-1c339584dd03,0.51,[b6492306-fa7e-4698-879b-a0b203fac44a]
d0d823b3-3947-466a-b33a-b2759f50c0aa,0.5,[6c377be1-7825-496d-b4b0-e78f40192f5d]
d12b961f-0feb-4e4c-a6ec-b0253119f48a,0.51,[a871427f-e2dd-4403-984a-77f1d40868ab]
d1338138-d40b-40f1-b1f5-763bf64ec0dd,0.51,[b6492306-fa7e-4698-879b-a0b203fac44a]
d1fce7a7-4e57-4741-ae51-97ed68924f56,0.5333,[b6492306-fa7e-4698-879b-a0b203fac44a]
d2bdd5ea-53f4-4065-9313-ec1cd098c841,0.51,[2b6f19fa-299e-45d8-bc82-5734ffe13c63]
d3481245-b8cc-465d-8055-b533df95921d,0.51,[6ae6aad6-401c-43c6-9ae1-ba49400d2d19]
d36886ff-4d10-400b-bc93-e5dad339699d,0.51,[1402a0ca-bae4-41bd-aeda-f4510af80e8f]
d38bf5f3-f55a-438a-99d7-7ccda0e5149c,0.5167,[a871427f-e2dd-4403-984a-77f1d40868ab]
d42d7617-3e96-4000-ac8f-f7c4ab1a58b9,0.51,[91ea18fa-2238-4d3d-a3e1-1eaf8af3db34]
d4abeba8-cd4b-45c7-939b-fbe1c4c4cd0d,0.51,[3754827b-6f96-4aa5-b61d-cb8699d03e40]
d4fec4b7-f084-47ec-831c-1febd1b62c72,0.51,[d8d44e57-e476-45c1-becf-97796bc74d70]
d5282255-2d34-47e6-a94f-467806aa72d6,0.51,[9e766ea8-4948-4a0a-b7b5-b4fa12539bc9]
d554be95-50bd-40d6-b86c-3e4dd11eb3f4,0.51,[b642c5b4-7688-47ea-a3ac-5429aa53281f]
d574c6f5-5178-4c9a-af30-34e988d83c26,0.51,[e452cdf8-b117-4f7f-b89f-124a1fddac39]
d59c0245-5f10-496e-b928-c2eb63e7e7db,0.51,[55c991ee-5eb2-4d63-b645-3e7bb965e03a]
d5d54a97-2ffb-41f7-bbb7-1a5cd232be7e,0.51,[a871427f-e2dd-4403-984a-77f1d40868ab]
d5f408df-6a66-4a8f-99c9-0f72b80b87fb,0.51,[cd47eb7c-21bf-4503-b98e-0e456c875ea5]
d62a0709-ef44-406d-b4f9-5fae0bbe3b47,0.51,[6d19651d-eac0-47c6-8b24-8f740b4d3824]
d65372cc-2ce0-4206-a8c7-586bfa43bb81,0.51,[6ae6aad6-401c-43c6-9ae1-ba49400d2d19]
d653c696-acf1-412f-b6dc-380590a5a874,0.51,[a871427f-e2dd-4403-984a-77f1d40868ab]
d66fc0c7-536a-49a6-9ad6-416063bacee1,0.51,[e452cdf8-b117-4f7f-b89f-124a1fddac39]
d688c8f9-2856-4756-b4b6-8c321a404e6b,0.51,[b6492306-fa7e-4698-879b-a0b203fac44a]
d72808c7-0326-4876-a2e6-148344ebea3c,0.51,[38207de2-af88-48a5-8aa4-bc4b5a518195]
d78cec32-84d2-4ba7-b82a-4841af912b83,0.51,[bcaf6abb-726e-42db-9b34-303d2f3905fa]
d8145f42-e307-4c11-93fb-c5a396d638d3,0.51,[eb8213b5-15cc-4756-acbf-d97c9df22e93]
d82101c0-0187-4ece-8e9e-572dcf2747c7,0.51,[b6492306-fa7e-4698-879b-a0b203fac44a]
d8255065-5df3-48cd-841c-325105f0a17f,0.51,[b6492306-fa7e-4698-879b-a0b203fac44a]
d87606f1-774d-48f1-8a18-2c12cb11084e,0.5,[6c377be1-7825-496d-b4b0-e78f40192f5d]
d8d44e57-e476-45c1-becf-97796bc74d70,0.51,[bcaf6abb-726e-42db-9b34-303d2f3905fa]
d9547776-b876-478f-a353-a4894cf54dd2,0.51,[9176275efa952662903e2244f15053a8]
d9911efb-4181-4cbe-86ec-5c79af22f9ca,0.51,[38207de2-af88-48a5-8aa4-bc4b5a518195]
d9aad832-8dcd-4e49-96c6-30e7e6880612,0.51,[b6492306-fa7e-4698-879b-a0b203fac44a]
d9b8d025-78d3-4687-93fa-5be43f0d313d,0.51,[6c377be1-7825-496d-b4b0-e78f40192f5d]
d9cf02e0-87de-48a6-8437-4cc6bd69afec,0.51,[6c377be1-7825-496d-b4b0-e78f40192f5d]
d9d77365-23c7-4da5-a456-a32094eb7d74,1,[6c377be1-7825-496d-b4b0-e78f40192f5d]
da972997-9acf-40ff-a576-df87370a24be,0.51,[38207de2-af88-48a5-8aa4-bc4b5a518195]
daa3b151-568d-4ccf-b076-8c5c4851b1a3,0.51,[38207de2-af88-48a5-8aa4-bc4b5a518195]
dac87b7a-cc1e-49b5-b082-f2f08e9bbbf4,0.51,[321b02a6-f860-4691-b51c-3d2af8f05226]
dac94860-cf87-4354-b622-dacd4ca49a2e,0.51,[b6492306-fa7e-4698-879b-a0b203fac44a]
daf12c18-d0f5-407a-8055-1577b8ed0837,0.51,[31ad174a-978c-43f3-a031-6b060f8a48f9]
db5e7b38-b39e-41ae-948e-7bdbdb2d982d,0.51,[bcaf6abb-726e-42db-9b34-303d2f3905fa]
db7d6b30-888b-4ef7-8f1e-a62ec523bfa4,0.51,[8a95fd6f-4417-4ad9-afc2-4b0b10146760]
dc24bcc6-c92a-479e-930f-e374f0a65dda,0.51,[b6492306-fa7e-4698-879b-a0b203fac44a]
dc64740f-2739-4e4b-92b3-288ea1c0f89b,0.51,[bcaf6abb-726e-42db-9b34-303d2f3905fa]
dc74393d-cb5f-4a60-a18c-358a7a4f1e1a,0.51,[2b6f19fa-299e-45d8-bc82-5734ffe13c63]
dcdb1cda-172e-4e71-9cd4-61ca937e823d,0.51,[3937d74e-950d-47a7-b601-e4935dbb6a96]
dd44efa8-2cf7-4a42-82b2-2f3db1430b5b,0.51,[bcaf6abb-726e-42db-9b34-303d2f3905fa]
dd89b2e1-76cd-4e38-b6cf-22321b02aa8c,0.51,[b6492306-fa7e-4698-879b-a0b203fac44a]
ddbe484d-cd77-466d-9f9a-36714888fe6c,0.51,[1402a0ca-bae4-41bd-aeda-f4510af80e8f]
de05d68f-676c-42ab-9849-ba35c0f06c63,0.51,[53fb9b573ebeba2e52827883fd71800d]
de29ca90-c9f0-48c9-a8a8-8fea3503a333,0.51,[b6492306-fa7e-4698-879b-a0b203fac44a]
de45aa3f-1037-4da5-b612-5d58dff32389,0.51,[2e36d554-442e-4744-83ac-e761160ed4f9]
de4a76c0-6b3f-46e4-8fe1-398e85a4d41f,0.51,[be3b0011-d674-430b-9762-d2ae3821de51]
df829551-d42e-45b6-84cf-69a871551587,0.51,[1402a0ca-bae4-41bd-aeda-f4510af80e8f]
dfaa28cc-6c0e-4068-be82-a71b36127d96,0.51,[a871427f-e2dd-4403-984a-77f1d40868ab]
dfdb3434-75a2-49eb-ada4-b3316933bb45,0.51,[2662f4bb-3da7-4fa6-8e7a-ce53b121fc10]
e0184c33-fddf-455b-b1ec-4fef60602759,0.51,[b6492306-fa7e-4698-879b-a0b203fac44a]
e0306bcb-fdb3-46c2-8fec-34f872fdccb5,0.51,[b6492306-fa7e-4698-879b-a0b203fac44a]
e054b83f-90af-4611-b7c7-c5dabbd15953,0.51,[91ea18fa-2238-4d3d-a3e1-1eaf8af3db34]
e139e7f3-5d49-4f1d-a8a3-b378c4e5a921,0.51,[4e2c2b4b-4f9f-4a3f-b8ae-1ed72546b998]
e170e4b6-798d-4d99-be2c-649d9cc666c2,0.51,[e452cdf8-b117-4f7f-b89f-124a1fddac39]
e259ace2-52de-4ff3-b0e3-5f893617a603,0.51,[ef74215b-3789-4c4a-b4ba-a732431b1aac]
e2652551-f742-4dd6-951f-706dae64efa2,0.51,[cd47eb7c-21bf-4503-b98e-0e456c875ea5]
e2b93f0d-88f9-404e-bdab-b27426394afc,0.51,[b6492306-fa7e-4698-879b-a0b203fac44a]
e340a925-be4d-45a4-b6a0-0078ac0253b5,0.51,[38207de2-af88-48a5-8aa4-bc4b5a518195]
e3aad5eb-bca8-46b9-a967-5f729b73acc1,0.51,[3b5b2be5-4f3b-42bf-b123-084355d9e101]
e3cf182f-160c-4fc4-afdc-5c20e04982d8,0.52,[6d19651d-eac0-47c6-8b24-8f740b4d3824]
e4247dd5-1485-4837-8a08-38495507f74c,0.51,[b6492306-fa7e-4698-879b-a0b203fac44a]
e452cdf8-b117-4f7f-b89f-124a1fddac39,0.51,[4d86291e92fe2bca97f7aba9ac8b04b7]
e4b0fa18-493c-48be-93c4-ded25db71954,0.51,[2859cae7-bc89-4d2f-b035-3b07b8dabe82]
e4b19fd4-2cf4-42b7-891d-f7fd49eb212c,0.51,[4e2c2b4b-4f9f-4a3f-b8ae-1ed72546b998]
e520ed9b-72b0-4484-8f34-fc3adb36e1e0,0.51,[be3b0011-d674-430b-9762-d2ae3821de51]
e5614722-8f17-4118-bbeb-e6e4918e2f12,0.51,[ada8297b-f06b-49c9-aea8-fe14d2004720]
e59d1d03-a5d1-4578-a04d-46286068f7fa,0.51,[6712e388-e658-4c1b-9ccb-873f98617c28]
e59fd7c1-825d-4290-8ab7-c224cb67dd68,0.949,[aec8b707ced8b8ecb74a1edd717578d3]
e6314751-98fc-41d8-be09-5730a29a8f00,0.51,[2b6f19fa-299e-45d8-bc82-5734ffe13c63]
e63e87a5-391a-43b1-aa2d-40c08640ceae,0.51,[b6492306-fa7e-4698-879b-a0b203fac44a]
e65312df-7713-42a1-a081-990532b53ee9,0.51,[b6492306-fa7e-4698-879b-a0b203fac44a]
e68dba4f-f2a3-4a7e-a7c0-f172e10f661f,0.51,[513e5cce-3902-4e44-9437-a3f1da3b7703]
e79fad71-a263-407e-b7f4-52ace8757fd2,0.51,[b6492306-fa7e-4698-879b-a0b203fac44a]
e833e2d7-122e-4785-b03b-6039c861d335,0.51,[db5e7b38-b39e-41ae-948e-7bdbdb2d982d]
e8f09ed8-29c8-40e5-98bb-fd2466bc6253,0.51,[97e27cf6-f526-41ab-ba54-5b2bfcf408d0]
e912f547-1ad1-482f-ae19-5fec973eeac8,0.5096,[6c377be1-7825-496d-b4b0-e78f40192f5d]
e960abdc-6297-42de-873c-a024beea8b83,0.51,[7a9f9b86-cd01-4f9f-93c6-bb1ebc9e5721]
ea2b429c-d870-4d78-bdcc-29a4e3af7fdd,0.51,[e08afc10e36bb3ccf3932fab9d19b19c]
ea71b95f-2efe-4aee-be58-eab1df18f1da,0.51,[b6492306-fa7e-4698-879b-a0b203fac44a]
ea86990a-d61c-43b5-96e2-9c5f165e1b63,0.51,[f68e16b0-22cf-4d36-a5b3-fe1a70eadbe0]
eab21737-c67f-4abb-878c-a0008f259e17,0.51,[2e36d554-442e-4744-83ac-e761160ed4f9]
eaf843cb-fb0e-42c5-bf23-bc5901004dfc,0.51,[a871427f-e2dd-4403-984a-77f1d40868ab]
eb30a98f-ec83-4212-b610-72a736f11e22,0.51,[3b5b2be5-4f3b-42bf-b123-084355d9e101]
eb3b530f-47c3-42db-9b49-0a9d8bcfea2f,0.51,[b6492306-fa7e-4698-879b-a0b203fac44a]
eb8213b5-15cc-4756-acbf-d97c9df22e93,0.5122,[25a55e8f-4bd7-47c6-9fda-1c5370e62687]
eb8e7765-adb7-4419-9fab-3aff196814df,0.51,[2e36d554-442e-4744-83ac-e761160ed4f9]
ec1b73da-ee73-4ab1-84ab-4dc36995b19a,0.55,[0bf85772237bfdc2f490a2af4a3e8a5f]
ec2e74ce-adcb-45a0-a32a-da6c7f635d95,0.5102,[2e36d554-442e-4744-83ac-e761160ed4f9]
ecb685e4-b164-4b38-828c-6709ec0bafa1,0.51,[38207de2-af88-48a5-8aa4-bc4b5a518195]
ecc5c713-d1a3-4007-8c8d-affabd810c47,0.51,[bcaf6abb-726e-42db-9b34-303d2f3905fa]
ed5f092a-6f16-4f48-8bfd-fe6904cbeec8,0.51,[b6492306-fa7e-4698-879b-a0b203fac44a]
ede245ab-f8b3-4daa-ad09-bb38e6aa33a3,0.51,[91ea18fa-2238-4d3d-a3e1-1eaf8af3db34]
ede5c1d6-39fd-4a42-a840-6c5db92a24b6,0.51,[6712e388-e658-4c1b-9ccb-873f98617c28]
ee12a06d-3651-49ff-9313-36d89110852c,0.51,[bcaf6abb-726e-42db-9b34-303d2f3905fa]
eed80de8-5da8-4b58-85da-691c60c0ee2b,0.51,[6ae6aad6-401c-43c6-9ae1-ba49400d2d19]
ef45caeb-bf6f-4c3d-86f4-7479bd85df6d,0.51,[bcaf6abb-726e-42db-9b34-303d2f3905fa]
ef74215b-3789-4c4a-b4ba-a732431b1aac,0.51,[38207de2-af88-48a5-8aa4-bc4b5a518195]
efa7f94a-7222-418f-b978-8ba5adba02b1,0.51,[bea989e8-26cd-4ec7-9750-4427edcca538]
f020537f-d3ba-47e7-8506-2831f28bd180,0.51,[2b6f19fa-299e-45d8-bc82-5734ffe13c63]
f04fb949-997d-4853-8fc4-cd0e08290fd0,0.51,[74f167090febe4842f4ecee06d044118]
f0fa513c-55f0-4641-a38a-c6ea6a01b345,0.51,[6c377be1-7825-496d-b4b0-e78f40192f5d]
f14327a2-8d91-4ce3-a4e1-d5caed921cb9,0.51,[3b5b2be5-4f3b-42bf-b123-084355d9e101]
f1b49609-a150-4353-8b5d-3270e6818771,0.51,[6d19651d-eac0-47c6-8b24-8f740b4d3824]
f1d886e6-b6c4-40d9-85d2-a5fbb2db3e18,0.51,[a871427f-e2dd-4403-984a-77f1d40868ab]
f20853de-465f-4c65-bd90-95314754f774,0.51,[b6492306-fa7e-4698-879b-a0b203fac44a]
f2405fdf-92f9-4a71-a834-8ff9f1810772,0.51,[db5e7b38-b39e-41ae-948e-7bdbdb2d982d]
f3779b3c-d009-4cfa-8de9-2d6459ce6c7d,0.51,[cd47eb7c-21bf-4503-b98e-0e456c875ea5]
f3a35675-354f-49e2-8f23-d7616d7f7fcb,0.51,[b46f783a-449d-4462-8ad2-b029aeca0601]
f40c9326-4416-4263-a5c6-cd3802c7026d,0.51,[e452cdf8-b117-4f7f-b89f-124a1fddac39]
f45ddf29-ff9c-453a-b6cf-375d27f51812,0.51,[a871427f-e2dd-4403-984a-77f1d40868ab]
f68e16b0-22cf-4d36-a5b3-fe1a70eadbe0,0.51,[e452cdf8-b117-4f7f-b89f-124a1fddac39]
f6ab9a6b-516c-4582-9ddc-bfcbe260517f,0.51,[db5e7b38-b39e-41ae-948e-7bdbdb2d982d]
f7193bc6-ea0b-48da-9375-6e432beecad8,0.51,[a871427f-e2dd-4403-984a-77f1d40868ab]
f74bb1b3-ff5f-4ed8-a523-7c72189f7af5,0.51,[4b05a8e6-6d39-41fc-9bad-f431f2a34684]
f82fe86d-4463-4c1f-962a-b94a3e1f035a,0.51,[e452cdf8-b117-4f7f-b89f-124a1fddac39]
f841cccb-106a-478f-8d30-57023f9b4529,0.51,[be3b0011-d674-430b-9762-d2ae3821de51]
f873733c-9e92-4e21-b3d3-1d2d9775a9e2,0.51,[97e27cf6-f526-41ab-ba54-5b2bfcf408d0]
f888b296-6e75-49d3-a5e9-1fcf6bd6cb34,0.51,[6c377be1-7825-496d-b4b0-e78f40192f5d]
f93e157c-c9e7-4e51-9557-446048564d9a,0.51,[6d19651d-eac0-47c6-8b24-8f740b4d3824]
f9c02999-7167-418e-8dc5-d19adcd51b35,0.51,[be3b0011-d674-430b-9762-d2ae3821de51]
fa118100-3788-4668-924c-0289e64a5d12,0.51,[e452cdf8-b117-4f7f-b89f-124a1fddac39]
fab63463-f11a-460d-b4c9-4a2dc66169bd,0.51,[b6492306-fa7e-4698-879b-a0b203fac44a]
fae06815-dece-45ab-b137-3e061db5c329,0.51,[55c991ee-5eb2-4d63-b645-3e7bb965e03a]
fb9b8e56-5b13-4ab6-952f-7b9b2dd119cf,0.51,[af429eae-4f41-408a-bdba-2702036f2bb1]
fbebdacc-1fef-4c57-ac71-eae9b002d03a,0.6,[ea499a341cd75ce60f7958ad7a1c653c]
fcbf1589-c3ce-45a0-8fe8-f8789173bc45,0.51,[91ea18fa-2238-4d3d-a3e1-1eaf8af3db34]
fcd72ad5-d135-483c-8672-47bb63cdfe4c,0.51,[38207de2-af88-48a5-8aa4-bc4b5a518195]
fd59eaf3-2a7c-483e-8aff-35f8822c659c,0.51,[c6f8fec9-f494-48de-8c20-7eec96ba507f]
fd67575b-6864-456a-93fa-fbf6ad4ffc74,0.51,[b6492306-fa7e-4698-879b-a0b203fac44a]
fdba1cd2-a8f3-4e0a-b817-1ceb03c87f9c,0.51,[6712e388-e658-4c1b-9ccb-873f98617c28]
fdc5c226-8656-4f11-a4b9-d91d7a70043c,0.51,[be3b0011-d674-430b-9762-d2ae3821de51]
fde41dd1-a630-42de-8a09-0881196eee36,0.51,[d0a4ce86-0379-4217-8f02-1c339584dd03]
fe20d7f8-a11d-417e-9ff5-b1bcba7a5c57,0.51,[e452cdf8-b117-4f7f-b89f-124a1fddac39]
fe613de8-21e1-402d-90ce-772790daf286,0.51,[a871427f-e2dd-4403-984a-77f1d40868ab]
fec8927f-8f98-483a-98e9-3b62bc3cf2ca,0.51,[6d19651d-eac0-47c6-8b24-8f740b4d3824]
ffb1c1cc-9d19-429a-a676-42289665d99c,0.51,[6d19651d-eac0-47c6-8b24-8f740b4d3824]
ffb2fa95-d3a7-4b14-87f4-a79a9d118819,0.51,[97e27cf6-f526-41ab-ba54-5b2bfcf408d0]
