008ad042-4f8c-413d-a857-0b47ae4f0c67,0.24,[29f8c3544cd45c4d019092b0f19864bc]
0091dd09-eb49-43d4-8da5-fe66b3080ac6,0.2431,[fb8f0effeabb53c8a014c0f51a9292e8]
00d02f6d-3ae0-44db-aecc-5f844c21fe2d,0.25,[ecfd24cfc5be7c532e02db0aec087c56]
00feb83d-64a7-4134-8428-c13a76ad0242,0.2499,[0b9e9e52d337879ffed9b1ade5c1e2fd]
01815dd8-20f0-4801-984a-496115fc4caa,0.2601,[d724e45cf9c685839952787a2f50f9cc]
01a21633-d421-4d1e-9ba2-499de2ee8c4f,0.2601,[d724e45cf9c685839952787a2f50f9cc]
01f9188c-d780-4d53-937c-121b81c4b1ad,0.2081,[618604724d336a1b0b69cf10faccf424]
01fe1bd4-daf3-40d7-bc37-1b9f598f155a,0.2601,[4d86291e92fe2bca97f7aba9ac8b04b7]
022d3465-c357-47b4-95f9-d41e5269fe17,0.49,[9e0c064f885a0cffb45398b1815b4480]
02ab78bb-95da-4b3e-922c-ed52acd3dcc7,0.49,[69357d998499f031c60657a8ee2c1c72]
02f88559-fbb6-4a36-8ef6-f141fde25a6f,0.49,[c8115e85b79d536bb922c5179f86b284]
0304d5c0-cc0b-49ce-a8c2-6acf72b2b679,0.49,[c0f78be5469fd3492206569ef935f6b4]
0360431e-afd2-4947-9195-6b2c28eebda4,0.49,[e965e0606de804d822a0cde418f2ed9f]
0496db8f-ccca-413e-b442-d92b5d51f23e,0.408,[618604724d336a1b0b69cf10faccf424]
057c8f26-b563-4ac0-a11d-8ec76c1b14b7,0.49,[3a78310da5042664d57db28222082468]
05efc3e6-b889-4174-8045-985abe21693c,0.51,[618604724d336a1b0b69cf10faccf424]
060102a2-b194-4e76-a902-83cfd7e2e7b7,0.49,[74d2a0647e26b71ccfb2c6d0d04f3326]
0602d620-2ede-4493-8000-fa1eb513d09b,0.49,[0fccefe872d068608e14cb8395152fac]
06a709b0-dbb2-4ec2-8b17-4d57a77a2c33,0.49,[4976221ab678b60e687b36a753c44dcc]
06b9648a-8325-4a63-8088-41ebfd0742c1,0.3824,[d36413f15c4e46e620db3149a4c5e1af]
0728d661-45c1-4111-a15f-245169b32bf8,0.64,[618604724d336a1b0b69cf10faccf424]
0779a070-c161-49f0-91d4-f578b4eeacd2,0.49,[b6536fd923d3d3001bdee1d742666d83]
077cd74d-098a-4b3b-8b6a-ecef9e3f86b5,0.306,[ea499a341cd75ce60f7958ad7a1c653c]
078e7f02-2335-4249-a44c-a3ea8c16f7f1,0.49,[a17f85ffc0c8036d934486842fa6656f]
07a5779b-aade-4097-a18f-7450943f6100,0.3101,[618604724d336a1b0b69cf10faccf424]
08588b88-1737-4eba-9795-4a13ca6a6bb2,0.2431,[fb8f0effeabb53c8a014c0f51a9292e8]
086c91dd-10cf-49e3-9e5d-6673345579a7,0.49,[c2081e8a7db6ed46be68cb22cb3548fc]
08aa6fee-e827-46b5-a27d-5dade014c576,0.49,[1d2182cfc244d583e297e6b02b39ff53]
08b1089d-d01b-485f-900b-da94a3816c85,0.49,[dc2efebcfd69d2ab15028d81904347a2]
0a1cae3d-8452-4540-bffb-a561fcf64465,0.21,[eccd0c1132191a380e8034c4b68244ad]
0a315dbf-520d-463a-aac5-f143025b3f2d,0.49,[781afcf5204b97f078a79ca7a919d918]
0baeed63-3bf4-4845-81db-9486f7c34bbe,0.2601,[25759055b5a8b28a144a696503861cb2]
0bdb8b4e-a711-445f-a470-dd86b2710f48,0.2431,[fb8f0effeabb53c8a014c0f51a9292e8]
0bfdc36f-7743-4eb9-841b-a946f7b9715b,0.408,[618604724d336a1b0b69cf10faccf424]
0c94693b-478a-4834-a5bd-2ae24b23701a,0.49,[e8ad40685f92262dad804e7c84efc259]
0d25b302-50ad-4cf9-a41c-4b2dcb7f0583,0.1327,[4d86291e92fe2bca97f7aba9ac8b04b7]
0d439a64-cd2d-4c44-8e22-a3e26bdb43da,0.49,[e89d1f40bf2429665ae476e7c270326c]
0ea593cc-0c3d-4bfa-b165-6cfb08114367,0.64,[618604724d336a1b0b69cf10faccf424]
0eadbf5c-7c28-4da6-ab90-fdd227d189e4,0.49,[fac86fdf896695de763916b0bc33b4ef]
10a2c02a-9ac9-4023-b41d-a220e6d1542c,0.49,[75770a681a77aeab06230a238c216e1c]
10ab42af-f7ba-45c8-89e5-3a71f3afe834,0.2601,[d724e45cf9c685839952787a2f50f9cc]
11407462-6c41-415a-b2bf-51d2bfb7e889,0.24,[4efc3fa90c7c1e2dc2ca22c760af775a]
118e0283-b06b-4de4-ac46-bbe418641137,0.2601,[4d86291e92fe2bca97f7aba9ac8b04b7]
1193efe3-3522-44da-bc54-e066f1294fd6,0.2499,[0b9e9e52d337879ffed9b1ade5c1e2fd]
119ec012-f831-46c8-b289-0dddbaa2745e,0.2601,[7667cdc376bb6f858957990b4a8b0686]
11bb213a-e3da-4889-8400-236c2227e3b7,0.408,[618604724d336a1b0b69cf10faccf424]
11c07d4b-8021-4ca7-b0b9-f998bd206d08,0.49,[d6727174b4191463b52955dd1c709fa5]
126767f0-3a96-4131-83c4-3cb1fec8bfc5,0.2081,[618604724d336a1b0b69cf10faccf424]
129578ff-8b1a-4a2f-8b2c-4cf2af355991,0.2601,[29e3842dcbb94a04f21255a4bdf2e80c]
12abbdf1-ed0d-4818-a07d-6aac8f111bda,0.49,[b077f7f996049e9eb5f6d9d55d8b6287]
12f2e1ac-0765-414e-ad20-540f0cf62d51,0.49,[adaa2ccbc18a80e01aaff5f59853f8df]
13554ebe-03b3-42e7-99be-2580e00a462b,0.49,[f0c23c50e45f138a0b05708b61770378]
136450c2-ece0-464a-ad2f-12eef60918a9,0.2601,[d724e45cf9c685839952787a2f50f9cc]
1402a0ca-bae4-41bd-aeda-f4510af80e8f,0.49,[32c32f5d7f4262afd1bf0674be91ce6c]
14169ef5-b2a4-42df-93b7-8b5d5f9873f3,0.1327,[4d86291e92fe2bca97f7aba9ac8b04b7]
14582a46-eefb-423b-af35-7b055e6c2051,0.6,[7f75abea29b67a3f0636a24ace0588b4]
149242ca-692b-43b9-83df-70670d06e6b7,0.2601,[b18ed6819f4d75586fd1dc8cca78f0e4]
14a57fdb-038d-4ae1-a4f7-1d51ac58ce94,0.2601,[4d86291e92fe2bca97f7aba9ac8b04b7]
152cde1c-7ba2-4cb2-8a21-7771306b143a,0.2499,[0b9e9e52d337879ffed9b1ade5c1e2fd]
152fd1b1-8b8f-4bfa-8d00-f805895aa68b,0.49,[dab5d0e0b81fb3617d2d0639790fc2b4]
15b96e9f-61ae-4f63-a6bb-6c581a01b7d7,0.49,[f80a54a1f1ef3dba6538384faae3e178]
161d61ce-20ab-4424-89f9-53d6a8589301,0.49,[63f4c68d8b43b7e6db5cd46e17fdeae7]
16346d28-e91c-4f53-b621-38a97ce7f736,0.2601,[29e3842dcbb94a04f21255a4bdf2e80c]
16461b38-d681-4799-91ad-ab4656bbb759,0.28,[63c012c86ca32e225a2fcef325231e6e]
16464e43-a6bc-4e48-b390-c4b788815fd5,0.49,[5cd3144fae35093336db437508ee97b7]
1671c8bb-cd9b-496c-bd46-29222ab968f5,0.2601,[d724e45cf9c685839952787a2f50f9cc]
173e410a-d5fb-4a3b-8b34-99733fb276b2,0.408,[618604724d336a1b0b69cf10faccf424]
174f0abf-644f-427a-9389-3b476fa49c1e,0.49,[21616674e8aa2b6de21787d0074d4664]
175c94e0-787e-4d22-937a-938aec22542a,0.49,[bd81e5143b53a73a71f9ab82d119b516]
17938175-f9c4-4441-a82e-69f15824c7c2,0.2601,[a1d86cdb6bcad3024ff8928624e61345]
17aa1fa4-7aca-4eaa-8c97-d59a19c7b443,0.49,[fd6fc8a32fdae713413a8f40308258c6]
17b807bd-61b4-46f7-b267-e437295979d0,0.2081,[618604724d336a1b0b69cf10faccf424]
17e2c03f-fc3b-41d3-94de-0dbe1659f334,0.49,[2d7476507dd80b61d22723537d05e4b2]
1862b5c4-6664-4549-853b-90d6c30914ae,0.25,[bdef52e521bf35eeab1fa5dab5c21813]
187ab75d-6bc5-4f15-9748-25a94877e0a1,0.2499,[0b9e9e52d337879ffed9b1ade5c1e2fd]
188d7917-3b24-498f-8672-fd349edf1113,0.49,[3913faa0b43aa81cd5df2a6774fb5319]
18d96f79-38fa-49eb-b361-11dace35bb39,0.2499,[0b9e9e52d337879ffed9b1ade5c1e2fd]
194d8f2c-5ee0-40ce-a674-9c58d58aead0,0.408,[618604724d336a1b0b69cf10faccf424]
19736f63-e1cc-44d0-b6a9-d0e8614f8c27,0.49,[9ce9d0b39fb555ae9a2da6033fb10e07]
1a46f483-534a-4ea6-983f-e2aca5dedf42,0.49,[43984ef6ec56aa11dee3eda7f1d3d1ce]
1ab2fe87-688d-4ee9-b4d6-aaa0f97ec7db,0.2081,[618604724d336a1b0b69cf10faccf424]
1abd81a5-3810-4272-a721-14bb766bf33a,0.25,[427306c0736c5d32664227af99cb6e43]
1af7c531-ef01-41f2-b86b-7ee64271f9ec,0.2601,[4d86291e92fe2bca97f7aba9ac8b04b7]
1b65ab8f-5606-497d-ad52-d285cbd0bf1b,0.2601,[d724e45cf9c685839952787a2f50f9cc]
1b6c8718-f5e0-48e3-a6a8-9bfc6ad0741a,0.49,[64c87a1e383f9ae2938e536ccfdc3640]
1b84015e-20b9-4c7e-8c29-33a8723cb162,0.25,[55dd2bda1d2eae42c1a81a6839ee7b00]
1c78d4d8-a050-4c92-b400-fe34dd42fa63,0.2401,[21c2bb7d9dc313c8e2ded40c5e6e6cd0]
1c7af73c-21ec-408b-a1ad-02f8fb9faaec,0.49,[b435c7acc72f3ed8a566aae3a4b3acca]
1dcafd17-34b1-4ce8-acc7-e4e440627788,0.4,[637354f5caf261e6411343abfba0b91b]
1e6deb96-767e-4542-a507-5879536591bd,0.49,[6b1968105aa5acabe3ced1e1f3185a5b]
1eb12bdc-86e4-4a45-901e-cc97609586c5,0.49,[59b6773d4092f9235b9fce2e5a35546f]
1fa4eb58-03c1-4a58-9323-a01ca76c474f,0.49,[879dee6715f52818730d3de8ad6ece0c]
1fb6d93e-7cd1-4a36-9cd9-8d7afc7aac92,0.49,[d46bbb3b2b3a38ef081de0810f14eaaa]
1fc38abb-582d-4bdb-808a-e668eaa717c1,0.2601,[4d86291e92fe2bca97f7aba9ac8b04b7]
2013664d-44c1-4c61-ba7d-0799f836a1a4,0.49,[5f9f4b5f6601d1e613a811ea01fb8e0b]
204d8308-fb38-459b-867d-cf4655aa8e34,0.2081,[618604724d336a1b0b69cf10faccf424]
21778fa0-8081-4c7a-b5f5-538769fb5d2d,0.9,[1e66790b74af4ef95a1381c4a7f94c49]
21adcf20-cc28-4332-bac2-32da9eb98a3b,0.49,[889caec4453772ff09f6ad8fdb30e32b]
22dd0e40-1cbb-40c0-8b00-3eff44b44a43,0.408,[618604724d336a1b0b69cf10faccf424]
22dec2c3-80d5-4262-b3ac-8b023020a9ce,0.49,[638cdccd2d6eef9fe86cab1881df9479]
231d362c-3a18-4d73-a910-8c835d0882ad,0.2499,[0b9e9e52d337879ffed9b1ade5c1e2fd]
2346b435-83b1-4b2a-b67f-e9ec2ad2f203,0.28,[73940bb2e6c816f82433c65239c5af97]
23630d5f-8921-4b39-882f-7c603767a4f9,0.2081,[618604724d336a1b0b69cf10faccf424]
2414163c-2161-4097-b0aa-647930565079,0.49,[0c9b9a7bf7b64e1f92298e4122fdc360]
247b6767-cf63-4bd4-a60e-41756fca1800,0.2499,[86242e5e9a22a57339b4ff998e0f894d]
24d3c116-4d75-409c-8b8d-4a9d74ca852c,0.2601,[29e3842dcbb94a04f21255a4bdf2e80c]
24d8a90a-43b7-466b-aeac-b7756ac73a04,0.51,[6217f328382018e0af5c56217e15f904]
2512b08b-862f-4bb3-ad22-70a6f020e058,0.2601,[29e3842dcbb94a04f21255a4bdf2e80c]
2583ae9d-f800-4494-8f13-981c766d3534,0.49,[763ca8559a33292ecb25bd4d14eeea95]
25a55e8f-4bd7-47c6-9fda-1c5370e62687,0.4098,[618604724d336a1b0b69cf10faccf424]
25a71938-86aa-4d92-b210-bbdce7454a0b,0.2601,[fb966296718d7843d7d73aa7d7431971]
2662f4bb-3da7-4fa6-8e7a-ce53b121fc10,0.49,[9bf2d09ad0fd5e809eec1472f1dfd3cc]
26cd69ff-d8a4-4217-ab8b-bee4a3aa3f3c,0.49,[0144f1edf0f1aabe0b7589306e3279b8]
2715495d-9115-4bd0-82ac-4f00c139ce3d,0.49,[e116d1519e8b9f256150d526ee5da97d]
2731198d-4bb7-46e6-b1bf-597a1dd0b736,0.49,[d43edce1ad86c74d817b29454cec9263]
27941cfe-8476-4eba-bc9e-d4c795c133a8,0.49,[96627fd662f80f7d98a5ac13228c02a7]
27fd243d-03cc-4d1d-9a2c-e1f0f731a62e,0.2601,[7667cdc376bb6f858957990b4a8b0686]
2859cae7-bc89-4d2f-b035-3b07b8dabe82,0.49,[5877a5cd231694b2837dc2f67fd2b394]
290319c8-49ae-4d84-a6a5-2d1b0eaad604,0.49,[f4aadbb23c9e2d597d8e65a60c72b11b]
29188fe4-6c68-4e07-96fa-99ce1b88d3e7,0.2601,[a668140bcb8bf3e89611b6217b4e99cf]
29e783b7-e00b-41eb-9346-2d444384ca22,0.25,[f7eab53dd01f5d664fbda63f3ac492f8]
2a230c69-91d2-4e13-aeba-10cd4df7af9d,0.2499,[0b9e9e52d337879ffed9b1ade5c1e2fd]
2a48cc2b-d514-4781-b180-d083ba1c74d9,0.2601,[29e3842dcbb94a04f21255a4bdf2e80c]
2a5d0107-d3e3-41f5-a161-73624a9310b4,0.49,[8f04fc103d74b5c22de993cd3738ba27]
2aaec17d-0cbb-4f73-8627-97f40386d5c6,0.49,[bf6739bc720edde74b5bdfbc037ba221]
2ab63369-cb94-4b2a-8f15-a413b7e4a4a9,0.2601,[a1d86cdb6bcad3024ff8928624e61345]
2ace3f25-abfd-4d24-9848-5098ecfabc5a,0.408,[618604724d336a1b0b69cf10faccf424]
2b05a6ae-8922-468e-802e-c950050b42c2,0.49,[eeeb79f0874a29cd80dfcb03835a9765]
2b6f19fa-299e-45d8-bc82-5734ffe13c63,0.4767,[fb8f0effeabb53c8a014c0f51a9292e8]
2c2c5eb5-52a7-4a18-b1d3-3ea120c2c138,0.2499,[c45a3adbd90cf8e0b8ea54dda4aa1409]
2c6cbb34-4505-4b63-b953-4d5d38a09fed,0.49,[0b5e43cffc5598e3eac49301bbc3eaa9]
2cb2b6f4-7aa0-4522-9b40-6b30d89ab7c6,0.49,[d0a99943e7dc781232e4c6d3342073b1]
2cb588d9-ef0d-4afb-b417-900c1546f6c1,0.25,[6f91d2f87f489dea6a17ed2dad860139]
2ce3bcd5-d5f6-426c-8f7d-ac7d2d9f2f9d,0.49,[4d12177022bc395b6d382b0cfb7a46ef]
2e34f0d6-3c72-4068-99e9-a1b73cecb7f5,0.49,[57b04586b7ec3304b674afa5c44a65aa]
2e36d554-442e-4744-83ac-e761160ed4f9,0.51,[b18ed6819f4d75586fd1dc8cca78f0e4]
2e664a35-315d-4174-bef3-933b80687920,0.25,[190afa30a3eb2128cd84719880d422d3]
2eb2f4f0-65b0-44de-920a-0ddcbdfeb280,0.2602,[7667cdc376bb6f858957990b4a8b0686]
2f007048-e509-42d5-b87b-71c2ec21f39f,0.49,[93003dc1e7a9f77ef470f73fbcbd892a]
2fbbf135-b5c1-4979-bbc9-1a466d7742cb,0.245,[4070a716baffb9c79e28925f133f890e,46c3e4907a9a0738521dcded83fd5f4d]
301dada5-deb2-4ea5-b49d-2704f4657be2,0.49,[b4af6e614a2f667c42b95096a47b7ee0]
31568673-f732-4421-8c41-8034ccc572ef,0.49,[5f284fd237d2626d4b55e2254791ea7d]
3161b140-8611-4023-b014-2ba8b7ea7b54,0.2499,[ea29e1bf0e8c7c66e1e0fd6671eb2a72]
31ad174a-978c-43f3-a031-6b060f8a48f9,0.2601,[25759055b5a8b28a144a696503861cb2]
31bcb586-fe73-4c13-9413-37bed004b42b,0.408,[618604724d336a1b0b69cf10faccf424]
320cd618-e611-4e77-81b4-04ed22ead907,0.25,[ca0cbeba55368f072e189dc08b1c3a94]
321b02a6-f860-4691-b51c-3d2af8f05226,0.49,[2d247481d0d2e29809227c9b42e93c35]
324af839-9f65-4dea-b5a5-1e38e2dffb84,0.49,[e0773ba95eaf81c0852b40827955df60]
3253cd5a-2041-41df-bad2-525fa7fa14b3,0.2601,[4d86291e92fe2bca97f7aba9ac8b04b7]
32806a32-7728-4612-9b9a-c613f017ccef,0.2601,[610d95495e618c7b2535ecee121654d9]
3289f96d-0e65-4b1e-aa3c-8f62d7ffec36,0.49,[d298084ba52a339774280c37eef71001]
32c753b6-7424-4047-a5e4-7b81b2b2dc4a,0.25,[c35fcd91112e1cafab4e30e8873f498e]
33cd4fc2-cb50-435f-8f1f-13f9ed39cfe1,0.2601,[29e3842dcbb94a04f21255a4bdf2e80c]
33e59899-137c-4152-a7d2-7d823ecd4d65,0.25,[a7fdfb15bcefda1791e6d242990023a6]
3415dda9-8e95-43d1-a86d-4ca283aa25bc,0.49,[6a28074664e609c7ef1cb265d5c17f0f]
3490048e-b6c2-43e2-8174-d5f59e77c666,0.49,[b84b17324a5c8f3a17c176a4bac55886]
34e53bff-dc8e-458c-8511-2a35c31c271d,0.2601,[610d95495e618c7b2535ecee121654d9]
34e66399-3fcb-4ccb-b765-26dba23fde6b,0.408,[618604724d336a1b0b69cf10faccf424]
3550cc08-43a7-49aa-b7e8-02a24a37e532,0.25,[c82ce779e93007277eef1ba8fdcaf95f]
3553ded0-46dc-4380-960c-9d2a795837a9,0.2601,[a1d86cdb6bcad3024ff8928624e61345]
358f6568-d06a-43f8-82b7-c4867664ba34,0.2499,[0b9e9e52d337879ffed9b1ade5c1e2fd]
35bffb3c-2013-4cb2-a9bb-9e7a8182bf96,0.49,[5cfffcfaf10a2366d03aa20bbcadff51]
3754827b-6f96-4aa5-b61d-cb8699d03e40,0.408,[618604724d336a1b0b69cf10faccf424]
37c602bd-0773-4ef0-a89f-dbe12f763a18,0.2601,[d724e45cf9c685839952787a2f50f9cc]
38207de2-af88-48a5-8aa4-bc4b5a518195,0.49,[0b9e9e52d337879ffed9b1ade5c1e2fd]
3893d99f-9025-46ee-86b5-cd9c04d90a5e,0.49,[b82d8e1fb871a481cc5df34fba2ac91f]
38997916-74fe-4d8e-8a85-c0606e116de5,0.49,[1fa317e1ab9a9e1c0187b6cf6ba76c16]
38dae0f4-cf0d-40d4-9117-77753095059c,0.25,[87ca9c9dd1dbc15c832f4fbdcad0b078]
38e59d21-d971-47ec-a327-753748523c56,0.49,[b28488279a8d07cf1e26aed7080f302b]
38eb0a5b-676c-46e7-8c35-696957c811fb,0.49,[ab951a64f02059e91bb86c3ecbf9257e]
3937d74e-950d-47a7-b601-e4935dbb6a96,0.408,[618604724d336a1b0b69cf10faccf424]
39d2bca4-0b18-4ddf-b596-12ed8eb5e631,0.2081,[618604724d336a1b0b69cf10faccf424]
3a54c161-03c4-406e-acd6-c2c5cf69f4ac,0.408,[618604724d336a1b0b69cf10faccf424]
3adba65d-bd72-4018-b7ff-70b3c9d981ef,0.25,[64558e0eaf07276edca60d517f4b0af5]
3b5b2be5-4f3b-42bf-b123-084355d9e101,0.408,[618604724d336a1b0b69cf10faccf424]
3b64aada-ccd7-467b-b32a-1ce17b2ec98e,0.49,[f805734f658ad3d945a506181a48994c]
3b677d59-cf8b-477e-a88c-d2263c7bbe1c,0.7329,[ee2143dba517fd41e78080ed0d05d277]
3b9af38b-8b02-4188-a574-59680f116f80,0.49,[97261488ee8e9cf4172667c739dc305e]
3bdb7fcf-c8ef-4126-92c7-833bac5ca71c,0.7501,[d36413f15c4e46e620db3149a4c5e1af]
3c51bcfd-16e5-41e6-934c-eab0bc4f22cf,0.408,[618604724d336a1b0b69cf10faccf424]
3c7d55e2-328d-46a4-8de7-7693c990656e,0.28,[c8f5b569964be75f2c593fd5e01c1a80]
3cb9040e-167d-4377-8648-2ff6949898a3,0.3101,[618604724d336a1b0b69cf10faccf424]
3cd8bf9e-c4ac-4fbd-9fe6-61dd105eaef7,0.48,[618604724d336a1b0b69cf10faccf424]
3d2f714a-ef41-40ab-9231-6157b122c5ce,0.2601,[b18ed6819f4d75586fd1dc8cca78f0e4]
3d546581-e904-481f-9d9a-6c123ba75ff9,0.49,[fb72a6fdd9a312488e356ea82b5d7f9e]
3d5e6d0d-7f9d-4690-985d-0902bfe6a908,0.2601,[6286a29f6d719abaae91da532651ee06]
3d88fe48-6dc1-4ed4-a78c-92ce8977a32d,0.2601,[610d95495e618c7b2535ecee121654d9]
3e0660a4-767b-4ce5-b3d4-4379292fc8b8,0.49,[732049f3476259a0dd2f4389f67b14d9]
3e228e5b-1e4f-4fd5-977b-18346af528d8,0.408,[618604724d336a1b0b69cf10faccf424]
3e24ee44-be10-4622-8ba3-b8138524c4fd,0.408,[618604724d336a1b0b69cf10faccf424]
3ebd5b7a-7caf-4c80-8532-f412afe6d723,0.25,[e6037c7c5ce89dfd72985d7f572eebff]
3edc25cf-c466-4055-a8e3-cc2cf6afd7f1,0.2601,[4d86291e92fe2bca97f7aba9ac8b04b7]
3f21cf54-2055-4372-b344-0231f955d237,0.2601,[9176275efa952662903e2244f15053a8]
3f298e47-7bea-4d14-9e8b-b9b0fa0e55ad,0.2601,[b18ed6819f4d75586fd1dc8cca78f0e4]
413d2c76-0934-40c2-b3d1-7259ebf7f7fb,0.2601,[b18ed6819f4d75586fd1dc8cca78f0e4]
41debff4-b9c4-4c96-a068-0385fe20572b,0.408,[618604724d336a1b0b69cf10faccf424]
42226416-4e00-4503-8830-898c2b2901f5,0.49,[3cc1c68bf2d7c4bcaee66a4eeb932f32]
427c9262-1126-49aa-8f45-c140b61a26aa,0.408,[618604724d336a1b0b69cf10faccf424]
42b6021d-0e30-4121-a145-b1e59dc9ad1a,0.25,[6d2c42fcd471a492f119c1da3a093e35]
42e86d66-bd6e-410e-a0ca-e45767359f08,0.3101,[618604724d336a1b0b69cf10faccf424]
446c527f-dc3f-4090-b9eb-f0ef8319dd08,0.2081,[618604724d336a1b0b69cf10faccf424]
44da66af-42a5-4e8e-aca7-055d631b84dd,0.408,[618604724d336a1b0b69cf10faccf424]
452cf60c-0e93-495b-bd39-cc0106e41cad,0.49,[92c73502444531e4c196d7a0b4b9626d]
45525a90-d1fa-4fc7-b1ab-6bc6a7ef5885,0.25,[a531cb99e4d91226e877291b30b4e883]
455a9261-f706-4f94-817e-cb4993832c13,0.49,[a4f6b83a57ef35f4a0ce4f4c6f8e370e]
456fe3e9-13ed-4b3a-99c2-94d7ee6fe2af,0.245,[351f0bf5a4eff51c36084113729cea5d,9be05af6cfa2e299b4b0eb239e3c7162]
46e98045-5f02-444c-9e2b-ef6198e58fe8,0.25,[f2bc7f031fe7442fb7a88ed6f3e2eaca]
47a3bf9b-7f7b-431e-8180-11d0dccdd1c3,0.2499,[ea29e1bf0e8c7c66e1e0fd6671eb2a72]
47a56768-6216-44f3-9ff5-8679f1eefc89,0.25,[409f8a0c381bc9d0d4f64ed8092906d2]
47c78039-e4ec-4aab-8a71-ac7eb950bbb2,0.49,[d51606f6fb77376bd84a8feea795784b]
47dbb198-bfb4-45d0-b9a5-ad13622b1263,0.2601,[25759055b5a8b28a144a696503861cb2]
47e8c840-ebcb-4aec-93da-cc3597f74dc2,0.408,[618604724d336a1b0b69cf10faccf424]
4858a21e-e1ce-46e1-b11a-55f6f6272216,0.51,[29e3842dcbb94a04f21255a4bdf2e80c]
48e1d67a-fd48-499c-9c08-c7dbf7a0a16d,0.49,[a23c7ed144d010cac4a58f394ef095fc]
4927b0f3-5fd1-4110-a964-90ab1fade28a,0.49,[e882a41770b5b0304d410e43c64ee660]
493375d2-f22b-48e1-ba61-2faecd9693ff,0.49,[d2d82f933e15c351644fb2cdc0eec3a5]
495733b5-c8e2-48ec-9246-0a958329d000,0.49,[05693fa78eff8abd57747cc7ddf92b1e]
496b9092-1639-4db8-b7c2-3599ee50d419,0.33,[e1bd698af83ae5dcbf01d9013af7e087]
49887d21-c07a-4ecd-8b7c-1637558d8321,0.3876,[eebcb7f24994740bbed3953da635dfc1]
498af987-de1f-4722-936e-9fe8de4a59bc,0.2601,[4d86291e92fe2bca97f7aba9ac8b04b7]
4ab040a6-3c6c-4588-a07f-af077bfb94ad,0.408,[618604724d336a1b0b69cf10faccf424]
4af22295-3b73-479e-a6ef-ad138d52f51f,0.2601,[4d86291e92fe2bca97f7aba9ac8b04b7]
4b05a8e6-6d39-41fc-9bad-f431f2a34684,0.2499,[6e98895f59680512e7e30d218336fe35]
4bb3baac-9f3e-4467-9c38-1477cc3c85c9,0.2601,[610d95495e618c7b2535ecee121654d9]
4c6c86af-96f8-4b14-9617-8d50f2e7352a,0.49,[3203558ff99e1f53586a03b0a926fa5b]
4cf47942-26a8-4e39-a3ae-e57e4f82a512,0.49,[366eee01728e4c92e4e7ae4efb6152e5]
4d099acb-2339-4521-a7af-6c821c81bc31,0.49,[7e202c0495b2df4610a1f2d9feaf23bc]
4d183f07-6a17-4f8b-a81b-3cdfb8381f0e,0.49,[0ab36f69df6bafaee05e0c3b34e4e1e0]
4d8f814e-1f6d-4ce9-94f5-bb22b7bc26c0,0.2081,[618604724d336a1b0b69cf10faccf424]
4dd3b1cc-1037-4eff-8cac-55e3d140cbbf,0.49,[496add10bda04c60ea1e1c25c04fd196]
4e0ad83c-32c8-4878-b532-5c0132b43893,0.2601,[b18ed6819f4d75586fd1dc8cca78f0e4]
4e126bfa-6ecd-46ff-a388-26c1153ea296,0.49,[a9e7227f5f1af2f0e8a1ebe9bb843029]
4e2c2b4b-4f9f-4a3f-b8ae-1ed72546b998,0.51,[6286a29f6d719abaae91da532651ee06]
4e335e66-e2d3-4bef-b5d8-81f0e4a85f94,0.49,[4abcafd44ad6c2fb7adc70e590931a7e]
4e4faae9-0f21-485c-99c7-a21bd261a650,0.2467,[74207020e7f5d68c35b9a0fb02e28d39,8bdb6f570629005b051118401db95133]
4ec5a36e-1a57-4ade-a84a-4af6664d3eaf,0.49,[331ee1613362119e6a16bf4efa6b61fa]
4f239fe8-3874-4a45-bc60-6a3f36eb1610,0.2097,[618604724d336a1b0b69cf10faccf424]
4f57f0fa-0102-4ec9-ae88-db439cf76082,0.49,[ac807701f3587c3fc28a0e93f7e9d60c]
4f583656-bbc9-4d72-862a-298c6c4694d5,0.4888,[7055c3c813ab5bafd140f55b000283b1]
4f8c4341-2971-4255-ab9b-2339c29a3017,0.2601,[25759055b5a8b28a144a696503861cb2]
4fcdbeb6-2f73-4111-9842-92f2f6c09602,0.49,[e46def6c69b1a2558333fe5330888385]
4fdcbce2-6f30-408a-a82a-b0d38bb34f71,0.2601,[610d95495e618c7b2535ecee121654d9]
502eace7-5363-4ab5-b913-2d84a2d444ac,0.2601,[29e3842dcbb94a04f21255a4bdf2e80c]
5095d511-db53-4890-93fb-95ee4069660e,0.49,[88aad69c48b8c640b8d664534a60ff97]
50dc38e9-6dab-44fe-a877-6fdbce6cfcad,0.49,[3cd053118d5aec55409fa521cfc3aa31]
511d2ab5-7ed0-473a-8dc7-6906452fa39a,0.408,[618604724d336a1b0b69cf10faccf424]
513e5cce-3902-4e44-9437-a3f1da3b7703,0.51,[fb966296718d7843d7d73aa7d7431971]
514fdc42-1443-438b-ac5d-04d62a0ac575,0.2601,[4d86291e92fe2bca97f7aba9ac8b04b7]
5214011f-25a3-4860-9e2e-74116f390e15,0.408,[618604724d336a1b0b69cf10faccf424]
5237eeb2-c377-4138-92bb-6a8857404796,0.49,[97c2310b957718b37dbc89c3b1a3a47e]
526b8672-2411-48d8-a861-343e86255ab8,0.49,[e47404376f47378f30ed37d9a380adff]
529cd422-63a3-4bf9-baf3-a10b40a82ed2,0.24,[a3e4974e5f469c5de25e8d7e51b29882]
54f4f1f9-f9ad-4e1a-8210-53ad3e4b82aa,0.49,[f39c2ad815b9589c5c633cf1b1df94c7]
55361d32-cf94-49f5-b389-60b74648833b,0.49,[3b78c422feda92647f74d5231d172d53]
55c991ee-5eb2-4d63-b645-3e7bb965e03a,0.2601,[29e3842dcbb94a04f21255a4bdf2e80c]
55cf7159-48f4-4524-a4bc-2f0c4b791b30,0.25,[1e6a964b487fd74b7b826cb5d50b91ef]
55e18d00-1556-42aa-accf-0c254e359f05,0.2601,[7667cdc376bb6f858957990b4a8b0686]
56b3fd49-a37f-4cc8-86bf-c9ef2ce3c7f3,0.49,[f73bdd8521d84ddb3a7885181106e6f8]
56f26d12-bd7f-425e-908a-c2d7d2d7d96a,0.49,[735b19803084941a5c7a1d1cc0895646]
57450c8e-a338-4818-9358-83d2d80eb3e6,0.2499,[32c32f5d7f4262afd1bf0674be91ce6c]
575a1f44-c783-461d-9d82-47ad0a120345,0.49,[e6279a49774baeefd2d5417fcb99032e]
57ca5788-877f-4632-b99e-bea69c6c1321,0.408,[618604724d336a1b0b69cf10faccf424]
57d6efc4-0649-444e-9192-a6269dc655b3,0.2081,[618604724d336a1b0b69cf10faccf424]
5873ea9b-1035-49cc-a057-1dd217ef4bbe,0.49,[802266c0d6d571e307cb7fbd35ff847d]
58857321-a6eb-425f-ae41-6422a97c7ec2,0.51,[6217f328382018e0af5c56217e15f904]
588de90a-bc8b-4c3f-ad69-ebe2b904b1ff,0.416,[618604724d336a1b0b69cf10faccf424]
58b92ea1-46ed-47cd-90c1-b17c25db2d5c,0.408,[618604724d336a1b0b69cf10faccf424]
58f09466-5aaa-4a01-8bbf-9ab87bcdf516,0.2601,[b18ed6819f4d75586fd1dc8cca78f0e4]
592040c5-444e-4c99-9f07-b3f06937fc06,0.2499,[ea29e1bf0e8c7c66e1e0fd6671eb2a72]
592562f1-34bd-40d6-b856-6b333efbd075,0.49,[dbaceb9c04030ef3e6859108896d2cde]
59527032-5685-4b3b-84e7-5129cd27eb38,0.2431,[fb8f0effeabb53c8a014c0f51a9292e8]
59d8b556-9f0d-4092-b2d7-43a61ecb3897,0.25,[fbcd86ad5933875445c89dd265468fbb]
59f913ed-9596-404f-930b-7d70d6c72ff8,0.245,[42eb322bf2c8f82a004185c70a5e961e,aeb1874d09592de77d2309b4978e8285]
5a9b9efd-b51f-4703-bf97-4c24bcae394c,0.25,[b642bce5acc621d037b136d085ceb575]
5afe062f-5d89-4838-bd8e-654774a98df9,0.49,[45c47115e4a9ea9207815bf9c9c36b83]
5b73433c-e159-4843-872f-ebfa51d90dcf,0.49,[6badafc0dc901a265d01bd9a266a06c3]
5b94c61d-0bd2-4f43-848c-289ae4d7a152,0.49,[f8e20131f699fde40773b2ac04ed82d1]
5bb373ce-9936-423c-9412-cc098521ea7d,0.23,[8b31fe266c2ad809d6e6d04d0520da57]
5bdd931a-d1e8-4168-a816-253c3e60a291,0.9,[6d6df71dfd3125031b8191f194f6266f]
5cf380c1-a239-4c6c-903b-4bfd03c6373e,0.408,[618604724d336a1b0b69cf10faccf424]
5cf54484-b90c-4195-aa67-15094b6152d1,0.4,[af089ca3f6644287807548eca65d17db]
5d325f13-c991-44fb-b814-8167c43b7cd2,0.2081,[618604724d336a1b0b69cf10faccf424]
5d51cf63-448a-45dc-9c67-1d642bcbd05d,0.49,[0ae7e44fdb188d64ef51aaabec08968f]
5ddc77b3-da79-467b-b647-2e7a9e72cb0e,0.49,[53ccdbc17fb03c647d66a4a7ee92859b]
5ddcc21e-27c1-407a-96d0-11e0fba528cc,0.49,[8740ab7bf4470a572616409227badf99]
5e0cbd73-daec-46dc-8d65-0f7c23082e90,0.49,[a235d23c651177464b9b7720f951b51d]
5e435003-4032-4604-bdf4-563c2bc2d5fe,0.2601,[b18ed6819f4d75586fd1dc8cca78f0e4]
5ece1bda-fad3-4e1e-81bb-e7fb9165e0c0,0.49,[9d93ff7179fd0ddcbdfb29613c244fd1]
5f812111-ca1e-4ac0-9663-2af414198629,0.2499,[0b9e9e52d337879ffed9b1ade5c1e2fd]
6125b4a5-0efa-42b3-afb2-8e5f482f93de,0.25,[cdb6042200acb3c7e355b3f05af16865]
614fc43e-d115-4ef5-9b8a-108a511a8d8e,0.49,[425ceb2b39972e624a1167c644bd87cc]
61d7606c-aa74-4017-9baa-c4a37a365197,0.49,[f69f1a50173a4606d40da5162969b9d4]
6213d139-dd95-4505-8adc-01790f4ba88d,0.49,[eec3f3b0155cae7068be122fd6d64186]
6285b917-6641-44a2-b499-b9bf8097bcc6,0.49,[df26aa64dd4920c2ae83fbd710f0e779]
62ac2b87-de60-40a4-8cbc-fd10681d2459,0.8,[618604724d336a1b0b69cf10faccf424]
62d746e4-644c-4449-a6dd-bef9c5816e81,0.408,[618604724d336a1b0b69cf10faccf424]
6308d6cf-1bff-40fd-8133-89876f0040ad,0.49,[d0e18911fe79c46440684d68a8ee9d74]
638d8111-8d10-4a76-9b2d-a6cbf6f6fe72,0.25,[0f4dba83787cbe05c0a5e71cf8142df3]
638fa03e-ad4c-4cd0-a996-186263e5ad6f,0.3105,[618604724d336a1b0b69cf10faccf424]
64316bb0-437b-4cb3-9833-1a1ec32a2e73,0.2601,[a1d86cdb6bcad3024ff8928624e61345]
649ec826-c63a-48fa-b63a-18e0e3b6f3a8,0.2499,[0b9e9e52d337879ffed9b1ade5c1e2fd]
64e34772-356a-48d5-8033-de87a8775f01,0.76,[eebcb7f24994740bbed3953da635dfc1]
651d5653-e262-47f6-b253-f1cf356f9e1d,0.25,[bc3e8030ef877657fb9b537870a2bf22]
65204eaf-e961-40a9-8e4c-a5a72132d725,0.49,[e96317f5defe141c111364b2b0f9c080]
6576b049-7f37-4c8f-ba28-5ecd240f1014,0.25,[0c75c76e4467086e6f67377417649ad7]
6596d776-2c3d-4f05-a43d-caadc91c90cb,0.2499,[58f2281b27ee588ad2e59fedbf25d22f]
65ff2cd1-c562-404c-841c-81dc2e872922,0.49,[ab3bdd8ec1cb1f4d34685bf98323c72e]
66690a71-149f-476b-829a-67e1ffe75d87,0.2499,[ea29e1bf0e8c7c66e1e0fd6671eb2a72]
66a32009-2c58-4d7b-b619-72abb92f0a10,0.49,[fa5d19d96a6f712650bdd18e079a3b37]
6712e388-e658-4c1b-9ccb-873f98617c28,0.49,[bb0473b5e20ec3c08f2eca8436158b34]
671ce3ff-657b-401d-9061-daaa25ce9013,0.2601,[4d86291e92fe2bca97f7aba9ac8b04b7]
69032ee1-4520-412e-b218-0dc9df1fa1a7,0.2499,[ea29e1bf0e8c7c66e1e0fd6671eb2a72]
694538a1-02b7-460a-9af7-4d6386a85ce4,0.3101,[618604724d336a1b0b69cf10faccf424]
69a23052-dc95-42c3-8afb-ff33afaa98fe,0.49,[4318d98eebff27eef2f7c24951954453]
69ac3bbf-0dbd-4feb-93cb-ace1e48460dd,0.28,[ec18bce272c1991cf548bcea3d1dbee9]
69e5ebad-9c44-47ee-91d4-a5a31547fd6b,0.49,[1557a7c1feda7c9396ed9ae786afea0b]
6a9ae0e1-d89b-4e47-a093-4aff23052da6,0.49,[ad6042e4d8d53d607e6e4882916d4efe]
6aa22dbf-a7d3-4e61-91a4-7c585747582c,0.408,[618604724d336a1b0b69cf10faccf424]
6aa42443-27fd-4bf0-ae67-a054622b2d49,0.49,[72f3f3887a7c43d14df8cd818cafcfb9]
6aaab24a-0ee2-470c-826f-45e7433a03aa,0.49,[95fa521a1ce3e7a5109958ccbb7b816c]
6ae6aad6-401c-43c6-9ae1-ba49400d2d19,0.51,[a1d86cdb6bcad3024ff8928624e61345]
6aeb31a8-7c5c-4467-a7d6-9f9ea7b36c2a,0.2601,[4d86291e92fe2bca97f7aba9ac8b04b7]
6b09a612-2c7d-461f-bd34-9a66f8bc5de3,0.49,[84ac6d96ffbc3e3c61df7a7c41ae8bf4]
6b29161d-83aa-4260-8db4-e50f9bfbb782,0.4833,[352a5f2958de0d23ddd7bb374d48f2f4]
6be9e6c4-27af-42fc-9157-34b971213979,0.51,[942acfb3d054c5736a116f8d6bf48dd8]
6bf00bc3-376f-4136-b761-4dd2ce188e89,0.2601,[d724e45cf9c685839952787a2f50f9cc]
6c03a687-83b8-44ac-93ca-16c74e36bef5,0.2081,[618604724d336a1b0b69cf10faccf424]
6c377be1-7825-496d-b4b0-e78f40192f5d,0.51,[d724e45cf9c685839952787a2f50f9cc]
6c58ae2b-b38b-4061-b742-b1af653575db,0.1061,[618604724d336a1b0b69cf10faccf424]
6c804954-57a8-4e80-8ac6-5f2846c6b0c4,0.49,[7b5a8844659859c89781ec6705948297]
6cde46c2-2268-47b3-a424-67ad552d264f,0.51,[59cd8260e667a2b43d319f522f5cd39a]
6ceee963-d93a-45b5-b2c4-6a84d7b7a547,0.408,[618604724d336a1b0b69cf10faccf424]
6d0997a3-09de-4dc3-ae56-45644bdfc52b,0.2601,[25759055b5a8b28a144a696503861cb2]
6d19651d-eac0-47c6-8b24-8f740b4d3824,0.408,[618604724d336a1b0b69cf10faccf424]
6e535218-281c-463c-9975-49de748d093e,0.49,[70234c888c3690237339a9b0670fbe6e]
6ed74524-104f-49cc-950c-ea17acf3cbee,0.49,[f8a5472054cfd212d6f8554f319e3679]
6f278950-79a0-46b2-914e-76073385a5fe,0.49,[e6eecb1d5cb70b941689dad6a56707fe]
6f2ddf97-4126-44f1-b58c-b0c9acbc1bd2,0.2601,[25759055b5a8b28a144a696503861cb2]
6f53e2a1-3b42-4645-a9a9-474ea037b7d3,0.2628,[610d95495e618c7b2535ecee121654d9]
6f560d17-3060-4c96-9017-24bcd32fd592,0.49,[372d48ffb1b2ce6a4d9dd62e4cf2b0ad]
6fc434a9-174c-4687-a6bf-3349e360857f,0.49,[a48bbff410977eb49e68b4e3e35c5e2a]
700f41eb-f3be-407c-a341-b6a88b219c62,0.3101,[618604724d336a1b0b69cf10faccf424]
702a23ee-a8ba-4496-aa0b-1db42e87cd5e,0.49,[a9bc93407027818f0c32951131ac2843]
7031b59f-30f7-4750-85f7-3c5ec545b7e9,0.2601,[610d95495e618c7b2535ecee121654d9]
71c4351d-79bc-4d61-bd74-1344e6812ca0,0.49,[d3463779d5abedcf14c9210ed427dfe9]
71d03535-945c-46c7-a9fb-2f202a78dc52,0.2401,[56bf5e639126dc57436c80a26abfd55f]
7346f92d-5a40-47a9-b716-e2f3e4ef55bd,0.49,[aa2e4c3edacb94c45fafea065685dabb]
735625a1-aeb6-422a-bd90-ff1c36e99e80,0.49,[cc06d892b5996ec8f81e924d4582a48c]
7366b509-a781-48a3-9d6a-2b35814268ed,0.408,[618604724d336a1b0b69cf10faccf424]
73bf457a-1e17-49d6-8cea-f207c8b979a7,0.2601,[7667cdc376bb6f858957990b4a8b0686]
747da8dc-79b8-495b-a40d-7b40a1eeff39,0.49,[f59667b0e6d52169e82954b0c88f470c]
74a8373e-c67d-42bd-b1b8-3b11e957cd5f,0.49,[8dab64eeee7ca700f6df2cbd2b8d93d8]
74cf97f6-ff30-48b5-82e9-4f3010536fe6,0.49,[a4d8b9fec6dddf2cc1b94a4d840fd150]
755a0e4d-52ff-4811-8e52-3e0402924168,0.2601,[b18ed6819f4d75586fd1dc8cca78f0e4]
758dc5f4-726d-4587-8df7-9df8aedfc914,0.49,[3406d9a75ad99d0b3061bab210d286b5]
75a77cfb-006c-4c1a-91d4-19a41916330f,0.2081,[618604724d336a1b0b69cf10faccf424]
75aafb3b-fe88-4574-ae85-573e03cc865b,0.49,[2120a8402beb1bc14355587023b76519]
76354938-3934-412d-ae98-d8d65939c704,0.49,[03cea76892a1fa9dd5876b70a55cbf77]
76718cef-1b21-4793-ac63-7fe84436d8bf,0.2601,[29e3842dcbb94a04f21255a4bdf2e80c]
77a165e8-1dc9-446c-908e-5c79cfc2e2c1,0.459,[6d6df71dfd3125031b8191f194f6266f]
77cadbc4-95ef-4988-ba92-0c333d937fb1,0.49,[d1caf7dcee4725c98c2ce9b2ad23af7a]
79dbf099-0f18-4d97-ac8c-212681287a55,0.51,[d724e45cf9c685839952787a2f50f9cc]
7a1936f5-cbd3-4a1a-aca0-583ed385f1fa,0.2499,[0b9e9e52d337879ffed9b1ade5c1e2fd]
7a27b0a4-0134-4717-80e6-9b3071c5d879,0.49,[ac360e5338be69951501a7e695b21be5]
7a3f1d90-256d-4a0b-ab4c-d04c8c721600,0.49,[517cdfec49447beb3d9ba30035bf5dda]
7a9f9b86-cd01-4f9f-93c6-bb1ebc9e5721,0.51,[29e3842dcbb94a04f21255a4bdf2e80c]
7b6cbdd5-b910-4a6e-bbe6-3c6fbcf0e3e0,0.49,[51a4e1429ba72c78f6e81b8dc5431bd2]
7bcc4d8c-30a9-4ace-a505-c4323c8c1e1f,0.2431,[fb8f0effeabb53c8a014c0f51a9292e8]
7cfc281d-99d9-4c5c-8afe-efef0865772e,0.49,[075844c7665ed53fdd2740ac10640319]
7d1a9f5e-b6d1-4ec9-a906-a090d3984f90,0.49,[c0134aa73ce06a1a3dc3b54fcb6cf765]
7d67118e-5498-482c-8e36-e337674d253f,0.49,[aed1fd9d9358c3a415702a7ff3f5ca89]
7df9820f-2aa8-47a2-b3e1-92486eefc5af,0.49,[8017071d77585aaa03b75dbafad53d19]
7e011663-329d-4446-b933-519623bb6557,0.25,[6bb96f8ff7bc7c3936bae1238287f074]
7e0cad4a-400d-4b6f-b91a-a479b476d1ca,0.49,[54660da9f75068976a971bd165213597]
7e821184-22a7-487f-b864-524b51f33b6e,0.49,[7c37cc1ad7eeef2594b8ce4b291691b7]
7eb4d6cf-83b9-4f0b-be3b-382f6c92499e,0.49,[769e5353900509a3793bde4fc679cbeb]
7f61cd29-1ac9-4352-b819-b829efc5bbc3,0.51,[d724e45cf9c685839952787a2f50f9cc]
7f74ea92-0bb5-47bf-9699-64b1826489f1,0.49,[0338640970e124bbb3bde4fcd4153254]
7fc9e05f-c4f4-474a-857e-52d7f87a0320,0.49,[626451d4dda6b66825c03baba810652f]
7fdcd62e-0471-441e-9c3d-5bb29aea2ca9,0.2431,[fb8f0effeabb53c8a014c0f51a9292e8]
7fe779c9-3114-4bbc-ba45-3e6fbe3c02e1,0.49,[11456652f93ba5cdd61267c41d660483]
80191c42-7a89-49f6-b4f9-c93c48b46419,0.2081,[618604724d336a1b0b69cf10faccf424]
80f4acc0-2554-4e40-8fce-697750f4cf36,0.2601,[610d95495e618c7b2535ecee121654d9]
8114777e-7993-455d-8f05-440b2e0530e8,0.45,[ec22c658db9d83fa84548069ca69834f]
811dead1-7288-4b5a-8a37-0d3200250e2e,0.49,[474742fb4603215cc4309ed2c4895808]
81c1ec51-1771-4a65-82e9-fd419f77133e,0.49,[ca7a3507d69c1426f9df4bcaa44c6cb5]
81e0970c-15b8-49de-8af4-125de48fb730,0.2601,[7667cdc376bb6f858957990b4a8b0686]
81f92509-f011-403b-b811-3e45722116f6,0.49,[f021079bac0fbb0b0bd621a239073a25]
822332fc-b52f-41f9-b37d-dde5224dc6de,0.294,[907b0b104189d9d3ea30aec63f91e345]
8243b7fa-920a-4c6e-a448-cf521f398589,0.49,[bee78ae2b26a3272c0a60dec53674914]
82910c3c-6162-43e0-8e0d-b5969acd4767,0.49,[8101d42ae303d889124eaa6476acf0b0]
829ce98d-2967-49e1-b675-e4573cbd7077,0.49,[bb098295e7f3a1b02f1ea83da6beed54]
82b534bc-0e4a-4803-a393-a2d51fc70eec,0.45,[4b7e2a2b361a4add930368538c84562a]
82b6025f-6d15-4b7f-b94a-f3c789cc9585,0.49,[0b6223b35f443b960b455bea66000f88]
831a7198-3530-4cad-84a9-ae72c9eaa882,0.2601,[b18ed6819f4d75586fd1dc8cca78f0e4]
8323f2f3-39cf-4892-8dcc-96674939a249,0.2601,[d724e45cf9c685839952787a2f50f9cc]
83a10078-8d1d-4435-8a40-4d44147dfdfb,0.495,[d1859057bc7648a99eef7a4b9a9f9752]
83bc8fd8-d6f9-4c38-b052-dc6fb142485b,0.49,[4015b8f4e41a97084994dcce7231323d]
8433d7fc-257b-4e48-8a2d-57e382c433c1,0.49,[0c7f02e8b8ee9b29a7e19a016f94fcf6]
846a582a-d5db-4ef6-8458-0ac1f2b39703,0.2081,[618604724d336a1b0b69cf10faccf424]
859f49da-0fc5-4221-8dbc-b3516858851e,0.49,[bb28dccd01081131a92db3cc167cf1e0]
862b45ec-3d32-4ec2-bb38-aeedc78d485f,0.49,[a506c706f0dbb2c882b7584947a549e2]
867703e5-1f4b-4f4c-b604-057f1eb8db25,0.752,[b7659f534a004f885986e1d96b514282]
867cf231-6ea8-476f-a6c6-ed725f42e1ba,0.49,[a0e2e06691241e8cbe4fd20dd41e7725]
8701d9b8-1e57-45f7-9b04-5fd93321a786,0.25,[1560fd450875f547f932c4ac827b1341]
873846bc-c26f-49a5-80e1-74f5aaa73f8f,0.49,[bcd993446cf28412175c514262425bf3]
87ceedc4-49ba-4efc-924a-300e2d2fcc3e,0.2601,[4d86291e92fe2bca97f7aba9ac8b04b7]
88de6ef8-32c5-4189-be5f-d48aaf720672,0.2601,[610d95495e618c7b2535ecee121654d9]
891ee4c4-501f-42c2-b25a-eeb23180fbfd,0.3826,[d36413f15c4e46e620db3149a4c5e1af]
8a95fd6f-4417-4ad9-afc2-4b0b10146760,0.49,[d9017bd1726b026a74768e3d2150e3d1]
8a995a5b-1a0b-4faa-b13d-9ef18cb0171c,0.2499,[0b9e9e52d337879ffed9b1ade5c1e2fd]
8baf962b-d1e3-438c-b127-63bad3297862,0.2601,[d724e45cf9c685839952787a2f50f9cc]
8bc43989-0f61-47c5-a52e-85e86bc03058,0.408,[618604724d336a1b0b69cf10faccf424]
8c641a0e-56b8-4001-973c-b1549610df2b,0.49,[84a601938136559b09664c591d678be0]
8c6c6752-7e67-42bc-8dd3-b0f53af50fa8,0.2601,[7667cdc376bb6f858957990b4a8b0686]
8d67f9e0-16da-4a41-94ca-95d77e193d04,0.49,[8c051dc043e3f44454d950249fe97f4e]
8dcefbd7-1df5-4935-a68c-addcc8d985ee,0.2081,[618604724d336a1b0b69cf10faccf424]
8de6bc99-3c6a-46e3-ba8a-05441e8aee10,0.49,[f7874eec503fa52c33fee729305a9a32]
8e067055-6659-4bbd-8062-c1aca8ec67d2,0.49,[10db92142ead0dbb2636fc53206e9ff1]
8e5119d7-2a6b-48ee-9596-b1e206733753,0.49,[cff6d27950e364f5a9d69ca96ee00900]
8ea72bec-32f2-4abc-b6b1-d5442314720a,0.49,[6287135bf2aececff9b887d8fd5f48d7]
8efcbd5b-6969-4718-8b7b-496ff5fb70f6,0.49,[632edcafa3a4de10d47ef34dc1d91df6]
8fdb0d81-ab56-4364-9609-06baed13cac2,0.49,[e9fda119d340165bb0e43f5b4b639bf0]
909a7b0f-bb8d-4e4a-b670-9756fd1a4dd3,0.408,[618604724d336a1b0b69cf10faccf424]
90a91ba4-3846-4867-981d-9604909851a5,0.19,[098f9ad08008aaf2445629886c5374f7]
90f710cc-100e-479a-aca7-a3e810e095df,0.49,[8fef51f42930fb5d26f934bc7ba7157e]
914cd729-8259-4c87-af2d-01acc8b87630,0.245,[3281e0c82cf6fb05fdc157193e7b2edb,d6f3fbd560448f470129c2633c1fd9d4]
916a2afc-7f83-4cc0-aed6-d3213213be4e,0.2499,[0b9e9e52d337879ffed9b1ade5c1e2fd]
91b929c7-19be-40f5-a8cc-4ca1a4879033,0.25,[845de3e0be8899e0f4189bbcc9042d8a]
91b9d2b8-2efe-4656-b0c6-5952ac71cbac,0.49,[0b5afae39fdd8ccb5e562616133a9c72]
91dd9c0a-87e9-430c-a28a-df0b6cc0a469,0.49,[155705a3f13673ed9b0b6bfa3a326fa3]
91ea18fa-2238-4d3d-a3e1-1eaf8af3db34,0.51,[610d95495e618c7b2535ecee121654d9]
91eddacd-18f0-41f6-8b0b-764f60ddd415,0.49,[5d6fc9a9b815f99c87d1f1a9cd8fc34f]
9282c459-172c-4efd-9eb8-f866d6ea9803,0.49,[2890db457570291396df5572bb2bcd9a]
936599c4-8ee8-4e7b-9ea7-807e070dfb47,0.25,[4041f438f066cb62a94e7fa7719f537a]
9418842d-4636-4e49-8088-272b4a6bec0f,0.25,[6d1d120656f3b53e0d88cb3e74893736]
94a1511d-f929-42fe-94cc-2a4f0264cd82,0.2081,[618604724d336a1b0b69cf10faccf424]
94b5fbe1-4c84-4f90-af59-b08b77f00091,0.49,[3afcd0edff3544274785f1c2514583d8]
94d0106d-8137-46b5-a184-ca83b14702c7,0.49,[22db00c299682de6d860dc7eae93aa14]
950a2316-b05a-492e-8453-46af10353adc,0.49,[e74b1524f05a8c6eb28d74b795699cd2]
95500b41-f86b-4ecb-abe7-d484367c5dc2,0.2601,[7667cdc376bb6f858957990b4a8b0686]
95624505-a710-4f28-8036-52d53eb26fd2,0.2601,[29e3842dcbb94a04f21255a4bdf2e80c]
959f78aa-dba3-4310-a0b3-5ffe672bb6ed,0.49,[2f12afe7de4e7c17369a3b1cba2265cc]
95df9cab-28d8-458b-915f-49a7764ea3be,0.2499,[0b9e9e52d337879ffed9b1ade5c1e2fd]
95f7fbc7-7fec-4c98-bf1e-23101bf82e5a,0.49,[1a2738f18620ac2b03bd59ccde73d754]
96e9690d-291d-4d24-9acf-f78741c83523,0.2499,[0b9e9e52d337879ffed9b1ade5c1e2fd]
9720efd6-fb85-491c-bb77-f2a4cae58040,0.2601,[a1d86cdb6bcad3024ff8928624e61345]
979b671a-74d5-4ae9-82cb-09d4995131f3,0.49,[4ddef426394bb62985228b3a950b969f]
97dd5e13-e7f9-4017-b815-8c51b5b083eb,0.49,[fd207cbe1a43e1b8d3a18f79664426eb]
97e27cf6-f526-41ab-ba54-5b2bfcf408d0,0.51,[7667cdc376bb6f858957990b4a8b0686]
9852d825-bc5b-4bcb-b164-764142150827,0.49,[97ca010d02018323cd48289dd4647203]
9919e34e-d1ad-45d2-a905-9f78e12ee78f,0.49,[09d25801e6ca5dfacb06763551745c4d]
9965b9ab-302e-4292-9036-d5a05d0fe97c,0.2499,[0b9e9e52d337879ffed9b1ade5c1e2fd,dc1f1b4ed22e967700f9b62f8c85612d]
99781c25-0285-4751-907b-82329485342f,0.2499,[0b9e9e52d337879ffed9b1ade5c1e2fd]
997ac77b-25bd-4131-97c1-8347731e29b0,0.2601,[610d95495e618c7b2535ecee121654d9]
999cb166-fb82-4d74-aa8a-88a3ddecca3d,0.408,[618604724d336a1b0b69cf10faccf424]
9a7c81d7-12e5-4893-8936-b0be1fa7be16,0.49,[518e9318327dd66e7cda7bd68fd9f595]
9aaa6553-a83d-42d8-ac5f-e08dd8a94d0d,0.49,[3c8a099f1ae3acd8be278642e23a3361]
9adc5882-68c0-4fca-83b8-91161ba63142,1.0,[6217f328382018e0af5c56217e15f904]
9ae42f52-eaf6-4bcf-b9b0-df7db2e2aae0,0.3101,[618604724d336a1b0b69cf10faccf424]
9babc365-7596-4f55-8703-f7898e4808b5,0.2601,[610d95495e618c7b2535ecee121654d9]
9c082df6-2767-4efa-9187-b5cbdcab7f24,0.2601,[b18ed6819f4d75586fd1dc8cca78f0e4]
9cae65fc-6674-4aac-83c1-942d59457b08,0.2401,[690a7694d8e05bb7eaf408acc51a83a4]
9d02f2ff-e770-421c-9fd7-8c868909d7e8,0.49,[fc5bb38560cc6fa74c805e4743ff893f]
9e2c0cd8-a270-493e-be10-72effc55a878,0.2499,[0f6dea1e2a267036885c8225304bec5d]
9e766ea8-4948-4a0a-b7b5-b4fa12539bc9,0.49,[86242e5e9a22a57339b4ff998e0f894d]
9e79e110-c588-462f-bbe2-47dc909c7286,0.2499,[0b9e9e52d337879ffed9b1ade5c1e2fd,cc8b38d875347169c4511a3fac888bdf]
9eee8684-8ca3-4ec5-8f8e-7b9d7c4747ed,0.49,[6ccfed9db3e74c793c674b50f50c33aa]
9f64bb3a-8ee5-4d0c-b7c4-b83d4360638b,0.2601,[b18ed6819f4d75586fd1dc8cca78f0e4]
a0498e66-f468-4b0c-968b-db8c05f55b8b,0.3,[ab8e60f561f27ab82ebce056b3932a98]
a0726f3f-6f8f-4034-bf68-f89cfbf960fa,0.38,[f3b3785a3a89fec736626f094fed5101]
a09f7b27-4fac-4b60-8f68-c63489ff8e13,0.49,[76ed502926bdf64702a7e3b90880f164]
a0a78207-4981-4c75-b0ea-51c77bee6616,0.49,[b1af8a7fc35885730c0b00d66adf2a60]
a0a7bd37-cea2-4543-af3e-ea55b350117c,0.25,[d069f640f58a8367551c264ad64deee2]
a15b7c7d-408e-4a53-8390-d2bfc2ee0e68,0.49,[f1e8d2fdd529b14394f96d325de3bfb9]
a1644094-5c18-4af4-83de-ec494cd86461,0.49,[3b9271bd38e9762958836ee73c12f06b]
a1a4a1ec-60c6-4fde-b40d-a9223cc66981,0.2499,[0b9e9e52d337879ffed9b1ade5c1e2fd]
a1f37dd0-f5f4-4c36-8a42-22a2302505f1,0.49,[2aaa8857782f2498c6d8ff6c8f7e5984]
a2055c66-5e0d-497a-9c7b-3de8ab2fddd5,0.408,[618604724d336a1b0b69cf10faccf424]
a2415c87-a54d-47c7-9181-8cddb6fe9523,0.49,[14e1c069dea936cc85110c7b4599c0e4]
a2bd549b-901b-4825-a0ad-5b86edfd6664,0.49,[94dd2d0cc0e93040925154a479d10d6e]
a2e4a831-e9d8-4ca5-8946-00fe55fcfe20,0.17,[2e35f78260723b8b5a3846bbfa86b1db]
a34a8ad5-7d65-4d5c-a2a6-7d72e7b0f1a3,0.408,[618604724d336a1b0b69cf10faccf424]
a3fa1a5d-b93c-4831-b73d-05f4eed7c9d8,0.2601,[a1d86cdb6bcad3024ff8928624e61345]
a42df826-37b9-4daa-887d-8366549fad2c,0.49,[6742a5a8c713ec82b96e64eab41243f4]
a46f2f06-3bc3-46b5-b282-49cc1a236065,0.49,[622465f922d8b41ec997dd91975d1a96]
a56b7f67-2ab7-4202-9d45-0f8a934a3843,0.25,[d3a7270c61eeeb860cd36878c5873b27]
a572b42f-0192-46a5-b6a0-ca023c5e767c,0.49,[d851482edb882d2d4f6597f28b3d2818]
a661925a-0b3a-455b-adec-f9579931a829,0.49,[db90280989e0cf4ef5a582140cb9c4de]
a6853427-0531-443d-a011-1e8caa7a2876,0.49,[3f2669df03297eaea6de946e34b92228]
a6d7cc23-11c5-4856-892e-e24d7f0bad4e,0.408,[618604724d336a1b0b69cf10faccf424]
a7498b8c-d065-401b-985d-7543988cfafa,0.2601,[d724e45cf9c685839952787a2f50f9cc]
a7c50207-d853-49bb-b13b-fc4485eea70d,0.49,[8ba3f473c097b355151aaa706eb38a18]
a86f5344-6dcf-4ce1-b514-ff3d4ae1c846,0.2601,[610d95495e618c7b2535ecee121654d9]
a871427f-e2dd-4403-984a-77f1d40868ab,0.408,[618604724d336a1b0b69cf10faccf424]
a8741f7b-2a0c-46e8-9e62-5e59f7ae372d,0.408,[618604724d336a1b0b69cf10faccf424]
a87e9562-2899-4a62-b8ee-ca15a1cf8792,0.51,[4d86291e92fe2bca97f7aba9ac8b04b7]
a8cd8861-691d-4a0a-9bd2-d2ef842f5317,0.408,[618604724d336a1b0b69cf10faccf424]
a92b235d-a03c-404e-8c7d-939883ea557b,0.2499,[0a048233a5acf7f080a2704ca0d63c87]
a9674469-5709-4413-8415-7e17e8d5d8d9,0.49,[09e055b23d5acb908aa65edd78cf0f21]
a96da28b-ea48-4fb5-a95a-9b40cd23c4cd,0.49,[9ef4167bf59ec73bd04ce795e17b3478]
a9cdcf48-0266-498f-b633-49689bd63e97,0.2601,[b18ed6819f4d75586fd1dc8cca78f0e4]
a9ec221a-ff56-4180-b560-57d0783cb945,0.49,[747fc3c1efb4b4834c837eb27255eb44]
a9f54258-565d-4d14-ab44-2b044801b1fe,0.2601,[9176275efa952662903e2244f15053a8]
ab94d3d6-88e3-4170-bb76-4b824418d93c,0.49,[06c59eb5980e48c7c6427f3276e86ed8]
abaae740-8e7c-4186-af82-a4c240d8f95d,0.2601,[7667cdc376bb6f858957990b4a8b0686]
abf66a88-d818-43aa-b94f-3a1aadeb7d5c,0.49,[0ae4afd775b6c4a5f1d7809a3dcf57b3]
abffe2f7-7061-4a7f-bfaa-3f5857f785c0,0.24,[2e218b671ab9e133fb0f2e8c28ebfe92]
ac423831-b767-4490-925d-e996de354ecf,0.3101,[618604724d336a1b0b69cf10faccf424]
acbe3f5e-faf8-4aff-896f-3e869906883e,0.2601,[610d95495e618c7b2535ecee121654d9]
acd15cd9-e4f6-48b4-adc5-1acfcd52b632,0.39,[bcdbd410a23a946e55fe0296b7955b7e]
ad0b25b5-8da6-428a-bce6-6c8ebd392763,0.49,[4b92b97b4d4b40f331aa61bb7d9641d3]
ad544aed-9c61-411a-a07c-64ccd6ca985b,0.49,[c544d2a2518bd65885aa73c43fbf3f27]
ad7d2862-6e04-4381-ba28-aeb17a0826cd,0.2499,[ea29e1bf0e8c7c66e1e0fd6671eb2a72]
ada8297b-f06b-49c9-aea8-fe14d2004720,0.408,[618604724d336a1b0b69cf10faccf424]
adb0b1c8-f8b8-4929-9e18-6833c5452eb2,0.245,[177500c8816e7f1b23fe1102cc1a434e,f47a9cb3f3e5cfa128064ce3adc9c5df]
adeb1fbb-d9ee-4133-8389-4c78120e0f5c,0.49,[90164c213a71702cc36949a5a15f945b]
aea6003a-9aa5-4015-9d5b-8dc232049914,0.49,[9f4ba8e5345f425da2efe9684c0d9f9b]
aeed1614-0020-4229-b767-3b8c5ee82896,0.2506,[0b9e9e52d337879ffed9b1ade5c1e2fd]
af29ebb1-ec55-4cc4-93b6-46460bdad0d5,0.49,[97261488ee8e9cf4172667c739dc305e]
af3fc667-72a5-4d9c-a5e8-17d998c8f54a,0.49,[eaf1db3bcf0cf14c781e0f4af5c80604]
af429eae-4f41-408a-bdba-2702036f2bb1,0.2601,[4d86291e92fe2bca97f7aba9ac8b04b7]
b088a83f-7cc6-46a9-8d2a-9d15ead45968,0.49,[1f41570e6ad354394b11480fd10478a0]
b0a8ba7c-e4c2-46f8-b049-40d6f17ee799,0.51,[d1fb6ec0990b71d2beb607263237ad5e]
b0b187b2-b5d3-4f34-93b0-281a611b55b4,0.51,[6217f328382018e0af5c56217e15f904]
b0ec309c-c8ac-4a99-82ac-a47233375d70,0.2601,[7667cdc376bb6f858957990b4a8b0686]
b12142be-906a-4827-83ac-858b88577063,0.49,[750b2c3e144dab43e521d0ba82bec34e]
b12c10f5-9a8a-4d04-9126-60db14a80195,0.49,[c77f0dfd580691c49d8d8847f2f06b23]
b1c95283-6d03-427f-82d0-c253990564d9,0.49,[eb730bd08561a6e97867e4d50f7f5ba7]
b1d01be3-6b15-4fed-9aac-36591de687f5,0.49,[65c4fbaeca66a2dfff111eae486ade1a]
b1e26913-c9b3-42c0-8d79-53fac787eb24,0.49,[4cf6f03b0efa9f40d728c785ab4f1b73]
b2fb65ba-ac78-4e9f-a70e-6032acf402b5,0.3101,[618604724d336a1b0b69cf10faccf424]
b3d077e2-d4cf-4538-83b1-62660969a3c1,0.2803,[71659fdd5eda426ea38f9f8527fe7a37]
b46f783a-449d-4462-8ad2-b029aeca0601,0.408,[618604724d336a1b0b69cf10faccf424]
b4de49ab-5508-4ba6-bff0-5f89c60ddfe7,0.49,[07fb043f59cc59a0966c8623466ff847]
b4e66e9b-d210-43b8-83e2-9cc307ceae01,0.408,[618604724d336a1b0b69cf10faccf424]
b4f1d801-0c94-4459-9a73-125366d1f219,0.41,[618604724d336a1b0b69cf10faccf424]
b51ed37d-8446-45f6-a0ba-6b762183334e,0.49,[899874e3eaa286909fed40a51498b2b6]
b52a5f58-38e6-4672-a35a-563b8fea5b4b,0.49,[80a72779ac46010a5f5e38b9fc5c1499]
b53014c2-f61a-4435-b11a-0ed659a5ea20,0.49,[92ada5b26ed776aaf97aa5f4855bfee6]
b581a720-7328-4b14-94aa-910681d6323f,0.2081,[618604724d336a1b0b69cf10faccf424]
b61891b6-1aca-4df0-b16d-5b8eb6a8edf4,0.25,[bf81d43b2eb70d58f6e445ec86bcf96a]
b61a4464-8286-432d-8b0c-c7def18ca8c5,0.2499,[2d247481d0d2e29809227c9b42e93c35]
b642c5b4-7688-47ea-a3ac-5429aa53281f,0.25,[e023a581f1bbe72d25d98307be3a2c72]
b6492306-fa7e-4698-879b-a0b203fac44a,0.8,[618604724d336a1b0b69cf10faccf424]
b70487d5-8293-48e5-bcce-cafef25f22fe,0.49,[04d63f0aa447b56c29901840e6bf3762]
b70c642f-7f0c-491c-a5c1-5f50946be53f,0.25,[03837c7f7d7e21b681084efd848d1ab9]
b784c6a9-141f-4ad6-a805-ae605ed498d1,0.49,[ae960486f0407480dc028688f9db9c8c]
b8595fd0-c9be-438a-be6d-3384cf61779c,0.408,[618604724d336a1b0b69cf10faccf424]
b9c9de61-3b0c-4412-83c0-bf70f0cb2520,0.49,[f2cacfd202b45c1530f9d2c83ee96579]
babcecdb-02f1-4812-93da-b4e4a25827fa,0.408,[618604724d336a1b0b69cf10faccf424]
babd86b2-1904-46f5-ac6e-eef2d78c8276,0.51,[a668140bcb8bf3e89611b6217b4e99cf]
baebaf7e-8c47-4274-85ec-698437c293a3,0.408,[618604724d336a1b0b69cf10faccf424]
bc59dcf1-a445-4cb7-a84b-76e2000f0499,0.2601,[610d95495e618c7b2535ecee121654d9]
bca38972-9714-4e8a-bcb7-24073148b4b1,0.49,[791dc63dddc31eeb14a65568dc79e219]
bcaf6abb-726e-42db-9b34-303d2f3905fa,0.51,[25759055b5a8b28a144a696503861cb2]
bcc26bbc-38e5-453b-b195-1de88d2977b3,0.51,[b18ed6819f4d75586fd1dc8cca78f0e4]
bdb6723e-469a-4a56-91b5-bf39ee15542e,0.2601,[b18ed6819f4d75586fd1dc8cca78f0e4]
bdc44991-5d7f-4775-9eda-fe2ae6c68951,0.49,[f4b26c6cf23203214bc7004306c9fe74]
be37bed1-281d-472b-8534-e7d4821931b2,0.49,[8e47bedfb6b806f5f09c1a0de4149bff]
be3b0011-d674-430b-9762-d2ae3821de51,0.408,[618604724d336a1b0b69cf10faccf424]
be455513-5baa-41ff-91d0-87d326b1871d,0.49,[1e5f5adb9f07a59a3b694042f672edb4]
bea989e8-26cd-4ec7-9750-4427edcca538,0.408,[618604724d336a1b0b69cf10faccf424]
bf309bdd-1f80-4f23-85a2-263c99107266,0.49,[9ea55bbccbd36213846105d605116c2f]
bf85500f-04af-4f9f-a4f9-266d59f08932,0.2499,[8d563db95398e52652e119aa95660cb0]
c0965868-b034-42f0-87f9-595dbfe8382d,0.2081,[618604724d336a1b0b69cf10faccf424]
c14a1047-89a8-4b2c-827c-dc098296efd3,0.2601,[610d95495e618c7b2535ecee121654d9]
c16410e6-5cbb-4b7c-aaeb-189b9c264c81,0.2601,[610d95495e618c7b2535ecee121654d9]
c217c592-b8f4-46e6-ac02-cff8995d9784,0.49,[d22f824a9af6ff3cf46211826ad815c7]
c2833b13-425e-45a9-a70a-c8c297f4ba76,0.49,[765e8b6f76392fd0e2b1fb71028e39b9]
c2890a66-8cbb-412d-b40a-309a22bd5169,0.3,[4648711adbdc6ba13f76ba6a3eea8be9]
c2aeba38-642b-4735-9973-dcc4220804b5,0.49,[71e4e62630d869b4a4619c5e6b5a5ab4]
c2db7a6e-3972-4b1f-be66-5cac1b1f984c,0.8,[618604724d336a1b0b69cf10faccf424]
c2fad227-255d-4f9e-9551-f66391cb6c40,0.49,[d0c4806a5a059017b013b1c94b204f9b]
c30f933a-6994-4419-8ec4-97562f4b61c8,0.5,[29092b0907258ef46855d3dbdc221332]
c384b11f-537c-43eb-9b07-1575ff7aa4ec,0.2601,[29e3842dcbb94a04f21255a4bdf2e80c]
c4219d05-2864-4df0-b337-144c79a62618,0.49,[1901c01f4df4c2efe0d3ddb54a9d881d]
c42fe3be-5786-45ac-a79b-f07ab2eeed9b,0.48,[8fb0b68d4e3ef4c814406aff37326055]
c4e30db1-cc83-4b5e-9946-c83efa7aa639,0.25,[ac5a74319a0c9dde4825eaca249a184c]
c593d937-d285-41b5-9ef3-5bf1b3db96dd,0.2081,[618604724d336a1b0b69cf10faccf424]
c6787d3d-707c-4d17-9639-f9bb0d2e4936,0.49,[c88ed2b6c0a0ff94de56d1f9304d8550]
c68d50bc-9b48-4cfe-bb41-104eff073b03,0.245,[1d9fcf57c14fd20b5fa8728282a23549,b8a90a3790c7180b69a4a2fdcd942586]
c6f8fec9-f494-48de-8c20-7eec96ba507f,0.408,[618604724d336a1b0b69cf10faccf424]
c7b6569e-09e8-4e96-8021-78b853e8b521,0.2601,[4d86291e92fe2bca97f7aba9ac8b04b7]
c7b96ad1-db68-4162-a1ab-72356c2cc289,0.2499,[0b9e9e52d337879ffed9b1ade5c1e2fd]
c7c5eb45-f83c-45c0-bad7-bd2fc2965a93,0.25,[df23df864284c718df884c91c871ed7e]
c7da33fb-836b-412a-8639-0fba8b2223f1,0.39,[ed89cf49f201d28c533bbcac37654dba]
c807c72a-3903-46ba-b905-05aab62450fa,0.29,[f783e642e2e00c6272d9ada99bfee684]
c8104fc1-937a-48a9-8249-157b43e25125,0.2601,[610d95495e618c7b2535ecee121654d9]
c8423509-9b44-4f49-882c-656a5830e88c,0.25,[f2448013e20761cd5189289c6f531a2f]
c89e0a74-c883-4e63-9719-ac7f40229c25,0.3142,[618604724d336a1b0b69cf10faccf424]
c9a07d11-d7d6-4b45-ba3a-327e370bea88,0.245,[e8adda79acc5d7da5898e51fe103664b,ecf9ee96ee3e69918b29aa2c5e2af4b7]
c9ee834c-2af3-460f-af0d-5fb2031d4e14,0.49,[ed846c86998f1257aad47a63795aa9f8]
c9fcc2bc-eace-4fbb-ac97-885853b7ad98,0.2629,[25759055b5a8b28a144a696503861cb2]
ca319e9d-bd40-43df-825f-0e120f34a8cb,0.49,[7f5fb6b081492d7f0167c75c82f810f4]
ca428de4-1029-49b8-b91d-15d4ccd5bf97,0.49,[9092106725ef36657d2af42941dd9764]
ca87319e-0f8e-46f5-8f7a-1e3dd3ca5171,0.25,[a11b6e9a1100b21f78cd6dc78540a0fa]
cb077939-398d-4a1b-a661-f33e24f646ae,0.49,[7f14aa8ba9d7be3e743da98536e95c53]
cb2ab034-c64f-4aef-a6b8-1feb816b2b0b,0.2499,[0b9e9e52d337879ffed9b1ade5c1e2fd]
cb8f08c0-a77b-4066-9d4a-e5de0a255c3e,0.408,[618604724d336a1b0b69cf10faccf424]
cc4d3ea5-8de5-4bdb-8d4b-e4cb766925c9,0.2601,[a1d86cdb6bcad3024ff8928624e61345]
cc74d5e7-da91-4636-b612-894bdc511a65,0.49,[e666071156c303f824aed8a682bfd2dd]
ccd93313-8286-4690-9e1d-f4d1611a67bd,0.2601,[610d95495e618c7b2535ecee121654d9]
cd316b8a-1a93-4365-95e6-bb0b88e2b06c,0.2601,[4d86291e92fe2bca97f7aba9ac8b04b7]
cd47eb7c-21bf-4503-b98e-0e456c875ea5,0.408,[618604724d336a1b0b69cf10faccf424]
cd5e07d5-8a8e-46ed-80d3-7ddfa91dda13,0.49,[7b14b45dd685595bd595e6089f36e840]
cda9cc63-cdcd-4055-8082-0184a78a2a0d,0.49,[c894424ab53e53e3f91d7ffeac3c070e]
cdb3b195-a315-46b6-91d5-b4f932df675c,0.25,[714139d99587790d43d1b173d74a8696]
ce0a71b4-1e36-41be-aa79-ca09ca9fc234,0.459,[6d6df71dfd3125031b8191f194f6266f]
ce407874-bfb5-4561-afaf-403578dbcbc2,0.408,[618604724d336a1b0b69cf10faccf424]
ce9925a9-cffd-40b7-af72-974a47dabe6d,0.39,[dfe56956d7cdaa671a9913e54f154418]
ceb76957-7e5a-4008-a07c-01175de8233f,0.49,[0f4affcd98c8b7b75533405cdcb0a38d]
ceb7a3ef-1fe8-47b9-8737-c7e210a8e1c9,0.408,[618604724d336a1b0b69cf10faccf424]
cf7bc892-d2e5-42b4-a566-d4b7fbdb18c3,0.49,[689446a8bd03fdf71c1faa998b43f0a7]
cfec1c52-9c6f-4695-884e-8d07e14dfe2d,0.2499,[0ebf540493902a55457d2584d4d859a6]
d0495b19-21d8-4cd1-86a6-aef591b38865,0.2601,[d724e45cf9c685839952787a2f50f9cc]
d0885159-e90a-450c-9372-f78686b7a924,0.49,[57ada1ba5f797b167fa2648cbfb93c66]
d0a4ce86-0379-4217-8f02-1c339584dd03,0.49,[58f2281b27ee588ad2e59fedbf25d22f]
d0d823b3-3947-466a-b33a-b2759f50c0aa,0.255,[d724e45cf9c685839952787a2f50f9cc]
d12b961f-0feb-4e4c-a6ec-b0253119f48a,0.31,[618604724d336a1b0b69cf10faccf424]
d1338138-d40b-40f1-b1f5-763bf64ec0dd,0.49,[352ce46e9ffad2a1351aee0271fcb17c]
d1fce7a7-4e57-4741-ae51-97ed68924f56,0.4667,[1ce4df9d3bf02d0384573bf9411af9a4]
d2bdd5ea-53f4-4065-9313-ec1cd098c841,0.49,[48460ebc4d98362fe9da46e027504166]
d3481245-b8cc-465d-8055-b533df95921d,0.2601,[a1d86cdb6bcad3024ff8928624e61345]
d36886ff-4d10-400b-bc93-e5dad339699d,0.49,[5be0755c2363238580b5c8c620e4d9b7]
d38bf5f3-f55a-438a-99d7-7ccda0e5149c,0.4833,[ad48f6f7159bd27096e7339d6fadcc4c]
d42d7617-3e96-4000-ac8f-f7c4ab1a58b9,0.2601,[610d95495e618c7b2535ecee121654d9]
d4abeba8-cd4b-45c7-939b-fbe1c4c4cd0d,0.25,[24357f06204fc61c8c0f681fb6462e25]
d4fec4b7-f084-47ec-831c-1febd1b62c72,0.49,[a3de5a008e71a57d6964624b63725b7a]
d5282255-2d34-47e6-a94f-467806aa72d6,0.365,[9b3f003186563d99cd0946e43f5ce084]
d554be95-50bd-40d6-b86c-3e4dd11eb3f4,0.25,[ad6d997780bd06aa33ec482dc79ad89a]
d574c6f5-5178-4c9a-af30-34e988d83c26,0.49,[0f6dea1e2a267036885c8225304bec5d]
d59c0245-5f10-496e-b928-c2eb63e7e7db,0.25,[3dfa4f1144a30b03c0381cbc976c3dbf]
d5d54a97-2ffb-41f7-bbb7-1a5cd232be7e,0.25,[1e009c0a7aaab8cac37694053e416425]
d5f408df-6a66-4a8f-99c9-0f72b80b87fb,0.2081,[618604724d336a1b0b69cf10faccf424]
d62a0709-ef44-406d-b4f9-5fae0bbe3b47,0.49,[0ffe670a3184bb0bc59240b87d34a8fa]
d65372cc-2ce0-4206-a8c7-586bfa43bb81,0.2601,[a1d86cdb6bcad3024ff8928624e61345]
d653c696-acf1-412f-b6dc-380590a5a874,0.25,[d3ccc1ba909779fcd6a50cfad8f45166]
d66fc0c7-536a-49a6-9ad6-416063bacee1,0.2601,[4d86291e92fe2bca97f7aba9ac8b04b7]
d688c8f9-2856-4756-b4b6-8c321a404e6b,0.408,[618604724d336a1b0b69cf10faccf424]
d72808c7-0326-4876-a2e6-148344ebea3c,0.2499,[0b9e9e52d337879ffed9b1ade5c1e2fd]
d78cec32-84d2-4ba7-b82a-4841af912b83,0.2601,[25759055b5a8b28a144a696503861cb2]
d8145f42-e307-4c11-93fb-c5a396d638d3,0.225,[1e66790b74af4ef95a1381c4a7f94c49]
d82101c0-0187-4ece-8e9e-572dcf2747c7,0.408,[618604724d336a1b0b69cf10faccf424]
d8255065-5df3-48cd-841c-325105f0a17f,0.408,[618604724d336a1b0b69cf10faccf424]
d87606f1-774d-48f1-8a18-2c12cb11084e,0.255,[d724e45cf9c685839952787a2f50f9cc]
d8d44e57-e476-45c1-becf-97796bc74d70,0.49,[dabcfaba6c4a9c6ec7f93b1aad075370]
d9547776-b876-478f-a353-a4894cf54dd2,0.51,[9176275efa952662903e2244f15053a8]
d9911efb-4181-4cbe-86ec-5c79af22f9ca,0.25,[be33e51c6764a86332d894a0ec8fe74d]
d9aad832-8dcd-4e49-96c6-30e7e6880612,0.408,[618604724d336a1b0b69cf10faccf424]
d9b8d025-78d3-4687-93fa-5be43f0d313d,0.2601,[d724e45cf9c685839952787a2f50f9cc]
d9cf02e0-87de-48a6-8437-4cc6bd69afec,0.2601,[d724e45cf9c685839952787a2f50f9cc]
d9d77365-23c7-4da5-a456-a32094eb7d74,0.51,[d724e45cf9c685839952787a2f50f9cc]
da972997-9acf-40ff-a576-df87370a24be,0.25,[dbc71649859dd3366164298f5fa94067]
daa3b151-568d-4ccf-b076-8c5c4851b1a3,0.2499,[0b9e9e52d337879ffed9b1ade5c1e2fd]
dac87b7a-cc1e-49b5-b082-f2f08e9bbbf4,0.49,[4c1d14ab417518c1399c0037a40efaa1]
dac94860-cf87-4354-b622-dacd4ca49a2e,0.49,[5a790930f30bd54e7aa3031d8116fb52]
daf12c18-d0f5-407a-8055-1577b8ed0837,0.25,[fd3708dbb8c3350e6cb850380243fc50]
db5e7b38-b39e-41ae-948e-7bdbdb2d982d,0.2601,[25759055b5a8b28a144a696503861cb2]
db7d6b30-888b-4ef7-8f1e-a62ec523bfa4,0.49,[bb5f4c27e46ce324a0a147bd1708a3ba]
dc24bcc6-c92a-479e-930f-e374f0a65dda,0.49,[e28fb1d213bdec1b75555150510fca1b]
dc64740f-2739-4e4b-92b3-288ea1c0f89b,0.2601,[25759055b5a8b28a144a696503861cb2]
dc74393d-cb5f-4a60-a18c-358a7a4f1e1a,0.2431,[fb8f0effeabb53c8a014c0f51a9292e8]
dcdb1cda-172e-4e71-9cd4-61ca937e823d,0.49,[2f813cdbadde78a5d748b66dcfe3aa0c]
dd44efa8-2cf7-4a42-82b2-2f3db1430b5b,0.2601,[25759055b5a8b28a144a696503861cb2]
dd89b2e1-76cd-4e38-b6cf-22321b02aa8c,0.49,[9e7036ad3d302432ac466f40b81092a2]
ddbe484d-cd77-466d-9f9a-36714888fe6c,0.49,[5510526e6e6ac9bba192507fb3f56eca]
de05d68f-676c-42ab-9849-ba35c0f06c63,0.51,[53fb9b573ebeba2e52827883fd71800d]
de29ca90-c9f0-48c9-a8a8-8fea3503a333,0.49,[847a54c66ae0d792a426c0df6430b15c]
de45aa3f-1037-4da5-b612-5d58dff32389,0.2601,[b18ed6819f4d75586fd1dc8cca78f0e4]
de4a76c0-6b3f-46e4-8fe1-398e85a4d41f,0.2081,[618604724d336a1b0b69cf10faccf424]
df829551-d42e-45b6-84cf-69a871551587,0.49,[6b9f0b593cdc95ff2035266effc311e7]
dfaa28cc-6c0e-4068-be82-a71b36127d96,0.25,[f8bd0bf89120af2c224c17da78ca7353]
dfdb3434-75a2-49eb-ada4-b3316933bb45,0.49,[13eb008e3792242e1afc8d58718dc10a]
e0184c33-fddf-455b-b1ec-4fef60602759,0.408,[618604724d336a1b0b69cf10faccf424]
e0306bcb-fdb3-46c2-8fec-34f872fdccb5,0.49,[8ec14cdefdb5f70efc17ce2783d109e3]
e054b83f-90af-4611-b7c7-c5dabbd15953,0.49,[e7b9c5616f6894c3972a05ba13c76104]
e139e7f3-5d49-4f1d-a8a3-b378c4e5a921,0.49,[dbd29aeea246538b3d72de7198bbc1af]
e170e4b6-798d-4d99-be2c-649d9cc666c2,0.2601,[4d86291e92fe2bca97f7aba9ac8b04b7]
e259ace2-52de-4ff3-b0e3-5f893617a603,0.49,[82ec9d186fe1f11fa067db856ca2cd6a]
e2652551-f742-4dd6-951f-706dae64efa2,0.35,[d8878ae0849247865864258964f5d3fc]
e2b93f0d-88f9-404e-bdab-b27426394afc,0.49,[83217f782628f16863875747de9dd882]
e340a925-be4d-45a4-b6a0-0078ac0253b5,0.2499,[0b9e9e52d337879ffed9b1ade5c1e2fd]
e3aad5eb-bca8-46b9-a967-5f729b73acc1,0.2081,[618604724d336a1b0b69cf10faccf424]
e3cf182f-160c-4fc4-afdc-5c20e04982d8,0.2122,[618604724d336a1b0b69cf10faccf424]
e4247dd5-1485-4837-8a08-38495507f74c,0.408,[618604724d336a1b0b69cf10faccf424]
e452cdf8-b117-4f7f-b89f-124a1fddac39,0.51,[4d86291e92fe2bca97f7aba9ac8b04b7]
e4b0fa18-493c-48be-93c4-ded25db71954,0.25,[87fec50166c1c6ee59ad15fff3da7dd5]
e4b19fd4-2cf4-42b7-891d-f7fd49eb212c,0.2601,[6286a29f6d719abaae91da532651ee06]
e520ed9b-72b0-4484-8f34-fc3adb36e1e0,0.2081,[618604724d336a1b0b69cf10faccf424]
e5614722-8f17-4118-bbeb-e6e4918e2f12,0.2081,[618604724d336a1b0b69cf10faccf424]
e59d1d03-a5d1-4578-a04d-46286068f7fa,0.2499,[bb0473b5e20ec3c08f2eca8436158b34]
e59fd7c1-825d-4290-8ab7-c224cb67dd68,0.949,[aec8b707ced8b8ecb74a1edd717578d3]
e6314751-98fc-41d8-be09-5730a29a8f00,0.25,[120181fecad7fecc797f4c5ce1b55b8f]
e63e87a5-391a-43b1-aa2d-40c08640ceae,0.49,[ec6ffc5de4744d7ce9b1602210488c82]
e65312df-7713-42a1-a081-990532b53ee9,0.408,[618604724d336a1b0b69cf10faccf424]
e68dba4f-f2a3-4a7e-a7c0-f172e10f661f,0.2601,[fb966296718d7843d7d73aa7d7431971]
e79fad71-a263-407e-b7f4-52ace8757fd2,0.49,[c3894a5761953d51899695b46ba62b8f]
e833e2d7-122e-4785-b03b-6039c861d335,0.25,[0e81843fcfecfe4154fc00c87ceb2497]
e8f09ed8-29c8-40e5-98bb-fd2466bc6253,0.2601,[7667cdc376bb6f858957990b4a8b0686]
e912f547-1ad1-482f-ae19-5fec973eeac8,0.2599,[d724e45cf9c685839952787a2f50f9cc]
e960abdc-6297-42de-873c-a024beea8b83,0.2601,[29e3842dcbb94a04f21255a4bdf2e80c]
ea2b429c-d870-4d78-bdcc-29a4e3af7fdd,0.51,[e08afc10e36bb3ccf3932fab9d19b19c]
ea71b95f-2efe-4aee-be58-eab1df18f1da,0.408,[618604724d336a1b0b69cf10faccf424]
ea86990a-d61c-43b5-96e2-9c5f165e1b63,0.49,[86bf10601cc86a8cb146cb3e46f1b9a5]
eab21737-c67f-4abb-878c-a0008f259e17,0.2601,[b18ed6819f4d75586fd1dc8cca78f0e4]
eaf843cb-fb0e-42c5-bf23-bc5901004dfc,0.33,[2e8ba7c21607b7072219e6ef7092dcd8]
eb30a98f-ec83-4212-b610-72a736f11e22,0.49,[7575ff66604be50ec22c09e1d71a29d4]
eb3b530f-47c3-42db-9b49-0a9d8bcfea2f,0.49,[ffbd24681918743a3637a00b8d2f5e59]
eb8213b5-15cc-4756-acbf-d97c9df22e93,0.2488,[070a1529b76a6e350e9175e9e57e6074]
eb8e7765-adb7-4419-9fab-3aff196814df,0.2601,[b18ed6819f4d75586fd1dc8cca78f0e4]
ec1b73da-ee73-4ab1-84ab-4dc36995b19a,0.55,[0bf85772237bfdc2f490a2af4a3e8a5f]
ec2e74ce-adcb-45a0-a32a-da6c7f635d95,0.2602,[b18ed6819f4d75586fd1dc8cca78f0e4]
ecb685e4-b164-4b38-828c-6709ec0bafa1,0.49,[d5df80e45250fc930d1e5e7a155078e8]
ecc5c713-d1a3-4007-8c8d-affabd810c47,0.29,[0046384d521e2ed41f7c362a46412cd6]
ed5f092a-6f16-4f48-8bfd-fe6904cbeec8,0.408,[618604724d336a1b0b69cf10faccf424]
ede245ab-f8b3-4daa-ad09-bb38e6aa33a3,0.2601,[610d95495e618c7b2535ecee121654d9]
ede5c1d6-39fd-4a42-a840-6c5db92a24b6,0.49,[04e0de85a13054d1bd4e565ef9435118]
ee12a06d-3651-49ff-9313-36d89110852c,0.2601,[25759055b5a8b28a144a696503861cb2]
eed80de8-5da8-4b58-85da-691c60c0ee2b,0.49,[6a4780eb83aa691cba0d4799f12f023e]
ef45caeb-bf6f-4c3d-86f4-7479bd85df6d,0.49,[c6ec251e6f145718f96581b5181790ee]
ef74215b-3789-4c4a-b4ba-a732431b1aac,0.49,[ea29e1bf0e8c7c66e1e0fd6671eb2a72]
efa7f94a-7222-418f-b978-8ba5adba02b1,0.245,[99dc225c79d5f00589c76e3876de61c0,d9b6e24886d3f85202e40d70997f7476]
f020537f-d3ba-47e7-8506-2831f28bd180,0.25,[4799a1fef9499d2cce74b117771135f1]
f04fb949-997d-4853-8fc4-cd0e08290fd0,0.51,[74f167090febe4842f4ecee06d044118]
f0fa513c-55f0-4641-a38a-c6ea6a01b345,0.49,[b88895da065e28aa55274dcb261e025d]
f14327a2-8d91-4ce3-a4e1-d5caed921cb9,0.29,[420d6b45265b9b1a8e09cd9f2a2a2c4b]
f1b49609-a150-4353-8b5d-3270e6818771,0.3101,[618604724d336a1b0b69cf10faccf424]
f1d886e6-b6c4-40d9-85d2-a5fbb2db3e18,0.3101,[618604724d336a1b0b69cf10faccf424]
f20853de-465f-4c65-bd90-95314754f774,0.408,[618604724d336a1b0b69cf10faccf424]
f2405fdf-92f9-4a71-a834-8ff9f1810772,0.49,[14bf1bef766b16f8d440672859fde091]
f3779b3c-d009-4cfa-8de9-2d6459ce6c7d,0.49,[068f135267c1f218a0784ad5f7727b0f]
f3a35675-354f-49e2-8f23-d7616d7f7fcb,0.49,[ef9892568758b68d8e726a3f15db4d3e]
f40c9326-4416-4263-a5c6-cd3802c7026d,0.2601,[4d86291e92fe2bca97f7aba9ac8b04b7]
f45ddf29-ff9c-453a-b6cf-375d27f51812,0.49,[ceea108accbf06458d8de54211f59d17]
f68e16b0-22cf-4d36-a5b3-fe1a70eadbe0,0.49,[04d63f0aa447b56c29901840e6bf3762]
f6ab9a6b-516c-4582-9ddc-bfcbe260517f,0.49,[bf182e561f437788855f59fe7c118c6c]
f7193bc6-ea0b-48da-9375-6e432beecad8,0.25,[1a4fc835f661ad76b7b14d8ed5471b84]
f74bb1b3-ff5f-4ed8-a523-7c72189f7af5,0.49,[d900185e52ac81200d25ecf150764a8f]
f82fe86d-4463-4c1f-962a-b94a3e1f035a,0.49,[221d21119b5709f2185880f1c1b406c1]
f841cccb-106a-478f-8d30-57023f9b4529,0.49,[7e5a4f3df64450cc5e80a0fe7b09703e]
f873733c-9e92-4e21-b3d3-1d2d9775a9e2,0.49,[604d139442463da16de5b1cdf78d0daf]
f888b296-6e75-49d3-a5e9-1fcf6bd6cb34,0.2601,[d724e45cf9c685839952787a2f50f9cc]
f93e157c-c9e7-4e51-9557-446048564d9a,0.49,[56cd13202b7e014ce92d3fa4d82e0142]
f9c02999-7167-418e-8dc5-d19adcd51b35,0.49,[607aa78312166292fcb78c6e21910bea]
fa118100-3788-4668-924c-0289e64a5d12,0.2601,[4d86291e92fe2bca97f7aba9ac8b04b7]
fab63463-f11a-460d-b4c9-4a2dc66169bd,0.408,[618604724d336a1b0b69cf10faccf424]
fae06815-dece-45ab-b137-3e061db5c329,0.25,[d1e1911dee7f2dd63fb619dc5825c21d]
fb9b8e56-5b13-4ab6-952f-7b9b2dd119cf,0.49,[111051670393ef2ba1eeee752a83548b]
fbebdacc-1fef-4c57-ac71-eae9b002d03a,0.6,[ea499a341cd75ce60f7958ad7a1c653c]
fcbf1589-c3ce-45a0-8fe8-f8789173bc45,0.49,[1f5710b489f6322ad23161d181b63999]
fcd72ad5-d135-483c-8672-47bb63cdfe4c,0.2499,[0b9e9e52d337879ffed9b1ade5c1e2fd]
fd59eaf3-2a7c-483e-8aff-35f8822c659c,0.2081,[618604724d336a1b0b69cf10faccf424]
fd67575b-6864-456a-93fa-fbf6ad4ffc74,0.408,[618604724d336a1b0b69cf10faccf424]
fdba1cd2-a8f3-4e0a-b817-1ceb03c87f9c,0.2499,[bb0473b5e20ec3c08f2eca8436158b34]
fdc5c226-8656-4f11-a4b9-d91d7a70043c,0.49,[3486dde382e630d86c9bc91e1f1fd746]
fde41dd1-a630-42de-8a09-0881196eee36,0.49,[a650325fb5d04b3158ba359ee0d36e77]
fe20d7f8-a11d-417e-9ff5-b1bcba7a5c57,0.2601,[4d86291e92fe2bca97f7aba9ac8b04b7]
fe613de8-21e1-402d-90ce-772790daf286,0.3101,[618604724d336a1b0b69cf10faccf424]
fec8927f-8f98-483a-98e9-3b62bc3cf2ca,0.3101,[618604724d336a1b0b69cf10faccf424]
ffb1c1cc-9d19-429a-a676-42289665d99c,0.25,[37ab32b0e329fbd354ebe4ae425b1c09]
ffb2fa95-d3a7-4b14-87f4-a79a9d118819,0.49,[3af4d428107e0c557c8c2f9adac03536]